Date,d15min,d30min,d45min,d1h,d2h,d3h,d4h,d6h,d8h,d12h,d24h
2013-05-01,0.0,0.0,0.0,0.0,0.0,0.0,0.0,0.0,0.0,0.0,0.0
2013-05-02,0.0,0.0,0.0,0.0,0.0,0.0,0.0,0.0,0.0,0.0,0.0
2013-05-03,0.0,0.0,0.0,0.0,0.0,0.0,0.0,0.0,0.0,0.0,0.0
2013-05-04,0.0,0.0,0.0,0.0,0.0,0.0,0.0,0.0,0.0,0.0,0.0
2013-05-05,0.0,0.0,0.0,0.0,0.0,0.0,0.0,0.0,0.0,0.0,0.0
2013-05-06,0.0,0.0,0.0,0.0,0.0,0.0,0.0,0.0,0.0,0.0,0.0
2013-05-07,0.0,0.0,0.0,0.0,0.0,0.0,0.0,0.0,0.0,0.0,0.0
2013-05-08,0.0,0.0,0.0,0.0,0.0,0.0,0.0,0.0,0.0,0.0,0.0
2013-05-09,2.0,2.0,2.0,2.0,2.0,2.0,2.0,2.0,2.0,2.0,2.0
2013-05-10,0.0,0.0,0.0,0.0,0.0,0.0,0.0,0.0,0.0,0.0,2.0
2013-05-11,23.0,35.0,45.0,57.0,98.0,115.0,124.0,124.0,126.0,139.0,141.0
2013-05-12,0.0,0.0,0.0,0.0,0.0,0.0,2.0,2.0,2.0,2.0,141.0
2013-05-13,0.0,0.0,0.0,0.0,0.0,0.0,0.0,0.0,0.0,0.0,0.0
2013-05-14,0.0,0.0,0.0,0.0,0.0,0.0,0.0,0.0,0.0,0.0,0.0
2013-05-15,10.0,10.0,10.0,10.0,10.0,10.0,10.0,10.0,10.0,10.0,10.0
2013-05-16,0.0,0.0,0.0,0.0,0.0,0.0,0.0,0.0,10.0,10.0,10.0
2013-05-17,0.0,0.0,0.0,0.0,0.0,0.0,0.0,0.0,0.0,0.0,0.0
2013-05-18,0.0,0.0,0.0,0.0,0.0,0.0,0.0,0.0,0.0,0.0,0.0
2013-05-19,6.0,11.0,15.0,18.0,18.0,18.0,25.0,32.0,32.0,32.0,32.0
2013-05-20,17.0,25.0,25.0,25.0,25.0,35.0,35.0,35.0,42.0,60.0,70.0
2013-05-21,10.0,17.0,21.0,21.0,31.0,31.0,31.0,31.0,31.0,31.0,40.0
2013-05-22,0.0,0.0,0.0,0.0,0.0,0.0,7.0,31.0,31.0,31.0,40.0
2013-05-23,25.0,38.0,47.0,55.0,59.0,59.0,59.0,59.0,59.0,59.0,108.0
2013-05-24,5.0,8.0,11.0,14.0,19.0,25.0,30.0,44.0,51.0,64.0,102.0
2013-05-25,5.0,10.0,15.0,19.0,28.0,33.0,36.0,44.0,64.0,80.0,84.0
2013-05-26,9.0,16.0,21.0,25.0,47.0,59.0,70.0,93.0,129.0,168.0,247.0
2013-05-27,0.0,0.0,0.0,0.0,0.0,0.0,0.0,0.0,0.0,13.0,166.0
2013-05-30,0.0,0.0,0.0,0.0,0.0,0.0,0.0,76.0,163.0,180.0,190.0
2013-05-31,0.0,0.0,0.0,0.0,0.0,0.0,0.0,0.0,0.0,0.0,0.0
2013-06-01,69.0,100.0,115.0,117.0,117.0,117.0,117.0,117.0,117.0,117.0,117.0
2013-06-02,27.0,32.0,33.0,35.0,64.0,96.0,117.0,123.0,123.0,179.0,240.0
2013-06-03,0.0,0.0,0.0,0.0,0.0,0.0,0.0,0.0,0.0,0.0,123.0
2013-06-04,0.0,0.0,0.0,0.0,0.0,0.0,0.0,0.0,0.0,0.0,0.0
2013-06-05,0.0,0.0,0.0,0.0,0.0,0.0,0.0,0.0,0.0,0.0,0.0
2013-06-06,5.0,7.0,9.0,12.0,19.0,26.0,28.0,41.0,45.0,45.0,45.0
2013-06-07,5.0,9.0,12.0,16.0,26.0,31.0,36.0,49.0,67.0,86.0,114.0
2013-06-08,14.0,20.0,24.0,29.0,43.0,50.0,56.0,64.0,69.0,72.0,102.0
2013-06-09,0.0,0.0,0.0,0.0,0.0,0.0,0.0,2.0,2.0,4.0,61.0
2013-06-10,0.0,0.0,0.0,0.0,0.0,0.0,0.0,0.0,0.0,0.0,0.0
2013-06-11,18.0,32.0,43.0,54.0,87.0,118.0,143.0,176.0,206.0,260.0,312.0
2013-06-12,9.0,13.0,16.0,16.0,23.0,36.0,41.0,52.0,82.0,148.0,346.0
2013-06-13,2.0,2.0,2.0,2.0,2.0,2.0,2.0,2.0,2.0,4.0,38.0
2013-06-14,0.0,0.0,0.0,0.0,0.0,0.0,0.0,0.0,0.0,0.0,2.0
2013-06-15,0.0,0.0,0.0,0.0,0.0,0.0,0.0,0.0,0.0,0.0,0.0
2013-06-16,9.0,17.0,23.0,31.0,55.0,69.0,82.0,102.0,102.0,102.0,102.0
2013-06-17,0.0,0.0,0.0,0.0,0.0,0.0,0.0,5.0,30.0,102.0,102.0
2013-06-18,0.0,0.0,0.0,0.0,0.0,0.0,0.0,0.0,0.0,0.0,0.0
2013-06-19,0.0,0.0,0.0,0.0,0.0,0.0,0.0,0.0,0.0,0.0,0.0
2013-06-20,0.0,0.0,0.0,0.0,0.0,0.0,0.0,0.0,0.0,0.0,0.0
2013-06-21,0.0,0.0,0.0,0.0,0.0,0.0,0.0,0.0,0.0,0.0,0.0
2013-06-22,10.0,15.0,18.0,23.0,37.0,53.0,67.0,81.0,85.0,113.0,119.0
2013-06-23,0.0,0.0,4.0,4.0,9.0,28.0,32.0,32.0,55.0,106.0,119.0
2013-06-24,16.0,21.0,26.0,29.0,34.0,36.0,36.0,36.0,36.0,36.0,65.0
2013-06-25,34.0,40.0,40.0,40.0,42.0,42.0,42.0,44.0,44.0,44.0,78.0
2013-06-26,0.0,0.0,0.0,0.0,0.0,0.0,0.0,2.0,2.0,44.0,44.0
2013-06-27,0.0,0.0,0.0,0.0,0.0,0.0,0.0,0.0,0.0,0.0,0.0
2013-06-28,24.0,45.0,60.0,74.0,92.0,102.0,121.0,145.0,162.0,172.0,174.0
2013-06-29,2.0,2.0,2.0,2.0,2.0,2.0,2.0,4.0,4.0,29.0,176.0
2013-06-30,0.0,0.0,0.0,0.0,0.0,0.0,0.0,0.0,0.0,0.0,2.0
2013-07-01,0.0,0.0,0.0,0.0,0.0,0.0,0.0,0.0,0.0,0.0,0.0
2013-07-02,0.0,0.0,0.0,0.0,0.0,0.0,0.0,0.0,0.0,0.0,0.0
2013-07-05,10.0,15.0,15.0,17.0,17.0,17.0,17.0,17.0,17.0,17.0,17.0
2013-07-06,0.0,0.0,0.0,0.0,0.0,0.0,0.0,17.0,17.0,17.0,17.0
2013-07-07,21.0,36.0,50.0,57.0,65.0,69.0,69.0,69.0,69.0,69.0,69.0
2013-07-08,4.0,7.0,10.0,31.0,65.0,70.0,72.0,80.0,84.0,84.0,84.0
2013-07-09,0.0,0.0,0.0,0.0,0.0,0.0,0.0,0.0,0.0,0.0,12.0
2013-07-10,8.0,8.0,13.0,13.0,21.0,21.0,21.0,21.0,21.0,21.0,21.0
2013-07-11,0.0,0.0,0.0,0.0,0.0,0.0,0.0,0.0,0.0,21.0,21.0
2013-07-12,0.0,0.0,0.0,0.0,0.0,0.0,0.0,0.0,0.0,0.0,0.0
2013-07-13,0.0,0.0,0.0,0.0,0.0,0.0,0.0,0.0,0.0,0.0,0.0
2013-07-14,0.0,0.0,0.0,0.0,0.0,0.0,0.0,0.0,0.0,0.0,0.0
2013-07-15,2.0,2.0,2.0,2.0,2.0,2.0,2.0,2.0,2.0,2.0,2.0
2013-07-16,0.0,0.0,0.0,0.0,0.0,0.0,0.0,0.0,0.0,0.0,2.0
2013-07-17,121.0,199.0,199.0,210.0,210.0,210.0,220.0,220.0,220.0,220.0,220.0
2013-07-18,20.0,20.0,20.0,20.0,20.0,20.0,20.0,23.0,220.0,220.0,240.0
2013-07-19,56.0,71.0,81.0,81.0,152.0,165.0,176.0,176.0,176.0,190.0,213.0
2013-07-20,42.0,47.0,50.0,50.0,52.0,52.0,52.0,52.0,176.0,176.0,228.0
2013-07-21,0.0,0.0,0.0,0.0,0.0,0.0,0.0,0.0,0.0,0.0,52.0
2013-07-22,0.0,0.0,0.0,0.0,0.0,0.0,0.0,0.0,0.0,0.0,0.0
2013-07-23,52.0,59.0,65.0,71.0,90.0,95.0,98.0,100.0,100.0,100.0,107.0
2013-07-24,2.0,2.0,2.0,2.0,2.0,7.0,7.0,7.0,7.0,9.0,109.0
2013-07-25,0.0,0.0,0.0,0.0,0.0,0.0,0.0,0.0,0.0,0.0,2.0
2013-07-26,0.0,0.0,0.0,0.0,0.0,0.0,0.0,0.0,0.0,0.0,0.0
2013-07-27,2.0,2.0,2.0,2.0,2.0,2.0,2.0,2.0,2.0,2.0,2.0
2013-07-28,48.0,48.0,48.0,48.0,73.0,73.0,73.0,110.0,110.0,110.0,110.0
2013-07-29,22.0,29.0,29.0,29.0,29.0,29.0,37.0,37.0,110.0,110.0,139.0
2013-07-30,0.0,2.0,2.0,2.0,2.0,2.0,2.0,2.0,2.0,31.0,31.0
2013-07-31,0.0,0.0,0.0,0.0,0.0,0.0,0.0,0.0,0.0,0.0,0.0
2013-08-01,49.0,55.0,64.0,70.0,72.0,72.0,72.0,75.0,75.0,75.0,75.0
2013-08-02,0.0,0.0,0.0,0.0,0.0,0.0,0.0,3.0,3.0,75.0,75.0
2013-08-03,2.0,2.0,4.0,4.0,6.0,6.0,6.0,6.0,6.0,6.0,6.0
2013-08-04,2.0,2.0,2.0,2.0,2.0,6.0,6.0,6.0,6.0,6.0,6.0
2013-08-05,2.0,2.0,2.0,2.0,2.0,2.0,2.0,4.0,4.0,4.0,4.0
2013-08-06,0.0,0.0,0.0,0.0,0.0,0.0,0.0,0.0,0.0,0.0,2.0
2013-08-07,0.0,0.0,0.0,0.0,0.0,0.0,0.0,0.0,0.0,0.0,0.0
2013-08-08,0.0,0.0,0.0,0.0,0.0,0.0,0.0,0.0,0.0,0.0,0.0
2013-08-09,59.0,61.0,61.0,61.0,61.0,61.0,61.0,61.0,61.0,61.0,61.0
2013-08-10,0.0,0.0,0.0,0.0,0.0,0.0,0.0,0.0,0.0,0.0,61.0
2013-08-11,0.0,0.0,0.0,0.0,0.0,0.0,0.0,0.0,0.0,0.0,0.0
2013-08-12,2.0,2.0,2.0,2.0,2.0,2.0,2.0,2.0,2.0,2.0,2.0
2013-08-13,29.0,49.0,65.0,78.0,109.0,109.0,109.0,109.0,111.0,111.0,113.0
2013-08-14,11.0,18.0,18.0,23.0,26.0,26.0,26.0,28.0,33.0,35.0,137.0
2013-08-15,0.0,0.0,0.0,0.0,0.0,0.0,0.0,0.0,0.0,0.0,33.0
2013-08-16,0.0,0.0,0.0,0.0,0.0,0.0,0.0,0.0,0.0,0.0,0.0
2013-08-17,2.0,2.0,2.0,2.0,2.0,2.0,2.0,2.0,2.0,2.0,2.0
2013-08-18,2.0,2.0,2.0,2.0,2.0,2.0,4.0,4.0,4.0,4.0,6.0
2013-08-19,0.0,0.0,0.0,0.0,0.0,0.0,0.0,0.0,0.0,0.0,4.0
2013-08-20,2.0,2.0,2.0,2.0,2.0,2.0,2.0,4.0,4.0,4.0,4.0
2013-08-21,0.0,0.0,0.0,0.0,0.0,0.0,0.0,0.0,0.0,0.0,2.0
2013-08-22,14.0,21.0,23.0,23.0,33.0,35.0,45.0,45.0,50.0,68.0,68.0
2013-08-25,4.0,4.0,4.0,4.0,4.0,4.0,4.0,4.0,4.0,4.0,4.0
2013-08-26,9.0,17.0,22.0,26.0,37.0,41.0,41.0,41.0,41.0,41.0,41.0
2013-08-27,0.0,0.0,0.0,0.0,0.0,0.0,0.0,0.0,0.0,0.0,33.0
2013-08-28,42.0,42.0,42.0,42.0,42.0,42.0,42.0,42.0,42.0,42.0,42.0
2013-08-29,0.0,0.0,0.0,0.0,0.0,0.0,0.0,0.0,42.0,42.0,42.0
2013-08-30,84.0,99.0,103.0,106.0,106.0,106.0,168.0,176.0,176.0,176.0,176.0
2013-08-31,0.0,0.0,0.0,2.0,8.0,51.0,70.0,89.0,176.0,176.0,176.0
2013-09-01,0.0,0.0,0.0,0.0,0.0,0.0,0.0,0.0,0.0,0.0,0.0
2013-09-02,53.0,93.0,96.0,96.0,100.0,100.0,100.0,100.0,100.0,100.0,196.0
2013-09-03,0.0,0.0,0.0,0.0,0.0,0.0,14.0,100.0,100.0,100.0,196.0
2013-09-04,0.0,0.0,0.0,0.0,0.0,0.0,0.0,0.0,0.0,0.0,0.0
2013-09-05,0.0,0.0,0.0,0.0,0.0,0.0,0.0,0.0,0.0,0.0,0.0
2013-09-06,0.0,0.0,0.0,0.0,0.0,0.0,0.0,0.0,0.0,0.0,0.0
2013-09-07,0.0,0.0,0.0,0.0,0.0,0.0,0.0,0.0,0.0,0.0,0.0
2013-09-08,3.0,3.0,3.0,3.0,3.0,3.0,3.0,3.0,3.0,3.0,3.0
2013-09-09,0.0,0.0,0.0,0.0,0.0,0.0,0.0,0.0,0.0,0.0,3.0
2013-09-10,8.0,11.0,11.0,11.0,15.0,15.0,15.0,15.0,15.0,15.0,21.0
2013-09-11,49.0,53.0,53.0,53.0,53.0,53.0,53.0,53.0,59.0,59.0,74.0
2013-09-12,54.0,66.0,78.0,87.0,116.0,134.0,186.0,240.0,307.0,323.0,323.0
2013-09-13,14.0,20.0,25.0,28.0,32.0,32.0,32.0,32.0,32.0,32.0,319.0
2013-09-14,0.0,0.0,0.0,0.0,0.0,0.0,0.0,2.0,32.0,32.0,32.0
2013-09-15,3.0,3.0,3.0,3.0,3.0,3.0,3.0,3.0,3.0,3.0,3.0
2013-09-16,36.0,57.0,66.0,71.0,84.0,91.0,99.0,112.0,114.0,114.0,114.0
2013-09-17,0.0,0.0,0.0,0.0,0.0,0.0,0.0,0.0,0.0,0.0,111.0
2013-09-18,0.0,0.0,0.0,0.0,0.0,0.0,0.0,0.0,0.0,0.0,0.0
2013-09-19,0.0,0.0,0.0,0.0,0.0,0.0,0.0,0.0,0.0,0.0,0.0
2013-09-20,0.0,0.0,0.0,0.0,0.0,0.0,0.0,0.0,0.0,0.0,0.0
2013-09-21,7.0,13.0,19.0,25.0,49.0,68.0,82.0,84.0,84.0,84.0,84.0
2013-09-22,15.0,27.0,35.0,41.0,58.0,60.0,75.0,99.0,143.0,159.0,161.0
2013-09-23,0.0,0.0,0.0,0.0,0.0,0.0,0.0,0.0,0.0,0.0,77.0
2013-09-24,0.0,0.0,0.0,0.0,0.0,0.0,0.0,0.0,0.0,0.0,0.0
2013-09-25,0.0,0.0,0.0,0.0,0.0,0.0,0.0,0.0,0.0,0.0,0.0
2013-09-26,0.0,0.0,0.0,0.0,0.0,0.0,0.0,0.0,0.0,0.0,0.0
2013-09-27,0.0,0.0,0.0,0.0,0.0,0.0,0.0,0.0,0.0,0.0,0.0
2013-09-28,0.0,0.0,0.0,0.0,0.0,0.0,0.0,0.0,0.0,0.0,0.0
2013-09-29,0.0,0.0,0.0,0.0,0.0,0.0,0.0,0.0,0.0,0.0,0.0
2013-09-30,0.0,0.0,0.0,0.0,0.0,0.0,0.0,0.0,0.0,0.0,0.0
2013-10-01,0.0,0.0,0.0,0.0,0.0,0.0,0.0,0.0,0.0,0.0,0.0
2013-10-02,0.0,0.0,0.0,0.0,0.0,0.0,0.0,0.0,0.0,0.0,0.0
2013-10-03,0.0,0.0,0.0,0.0,0.0,0.0,0.0,0.0,0.0,0.0,0.0
2013-10-04,0.0,0.0,0.0,0.0,0.0,0.0,0.0,0.0,0.0,0.0,0.0
2013-10-05,0.0,0.0,0.0,0.0,0.0,0.0,0.0,0.0,0.0,0.0,0.0
2013-10-06,12.0,18.0,25.0,29.0,48.0,51.0,54.0,54.0,54.0,54.0,54.0
2013-10-07,26.0,30.0,40.0,50.0,82.0,114.0,126.0,129.0,129.0,129.0,132.0
2013-10-08,0.0,0.0,0.0,0.0,0.0,0.0,0.0,0.0,39.0,129.0,129.0
2013-10-09,0.0,0.0,0.0,0.0,0.0,0.0,0.0,0.0,0.0,0.0,0.0
2013-10-10,0.0,0.0,0.0,0.0,0.0,0.0,0.0,0.0,0.0,0.0,0.0
2013-10-11,0.0,0.0,0.0,0.0,0.0,0.0,0.0,0.0,0.0,0.0,0.0
2013-10-12,0.0,0.0,0.0,0.0,0.0,0.0,0.0,0.0,0.0,0.0,0.0
2013-10-13,0.0,0.0,0.0,0.0,0.0,0.0,0.0,0.0,0.0,0.0,0.0
2013-10-14,10.0,13.0,13.0,16.0,23.0,30.0,30.0,32.0,32.0,32.0,32.0
2013-10-15,0.0,0.0,0.0,0.0,0.0,0.0,0.0,0.0,0.0,0.0,32.0
2013-10-16,4.0,7.0,9.0,9.0,9.0,9.0,9.0,9.0,9.0,9.0,9.0
2013-10-17,27.0,45.0,65.0,83.0,105.0,109.0,113.0,113.0,118.0,122.0,122.0
2013-10-18,17.0,27.0,32.0,32.0,35.0,37.0,40.0,42.0,44.0,50.0,108.0
2013-10-19,9.0,13.0,16.0,16.0,16.0,16.0,16.0,16.0,16.0,16.0,50.0
2013-10-20,9.0,18.0,25.0,29.0,48.0,62.0,62.0,62.0,62.0,62.0,62.0
2013-10-21,2.0,2.0,2.0,2.0,2.0,2.0,2.0,2.0,2.0,2.0,37.0
2013-10-22,4.0,4.0,8.0,8.0,12.0,12.0,12.0,12.0,12.0,12.0,12.0
2013-10-25,0.0,0.0,0.0,0.0,0.0,0.0,0.0,0.0,0.0,0.0,0.0
2013-10-26,4.0,6.0,6.0,7.0,10.0,12.0,15.0,15.0,15.0,22.0,25.0
2013-10-27,3.0,3.0,4.0,4.0,4.0,4.0,10.0,14.0,14.0,17.0,32.0
2013-10-28,6.0,9.0,9.0,9.0,15.0,15.0,15.0,15.0,15.0,15.0,15.0
2013-10-29,2.0,2.0,2.0,2.0,2.0,2.0,2.0,2.0,2.0,2.0,17.0
2013-10-30,0.0,0.0,0.0,0.0,0.0,0.0,0.0,0.0,0.0,0.0,2.0
2013-10-31,13.0,22.0,28.0,35.0,64.0,94.0,106.0,121.0,137.0,179.0,179.0
2014-05-03,3.0,3.0,3.0,3.0,3.0,3.0,3.0,5.0,5.0,5.0,5.0
2014-05-04,25.0,42.0,50.0,60.0,66.0,68.0,75.0,83.0,97.0,116.0,183.0
2014-05-07,0.0,0.0,0.0,0.0,0.0,0.0,0.0,0.0,0.0,0.0,0.0
2014-05-08,0.0,0.0,0.0,0.0,0.0,0.0,0.0,0.0,0.0,0.0,0.0
2014-05-09,6.0,6.0,6.0,6.0,6.0,6.0,6.0,6.0,6.0,6.0,6.0
2014-05-10,7.0,11.0,15.0,18.0,35.0,45.0,60.0,72.0,72.0,72.0,72.0
2014-05-11,0.0,0.0,0.0,0.0,0.0,0.0,0.0,0.0,0.0,0.0,62.0
2014-05-12,0.0,0.0,0.0,0.0,0.0,0.0,0.0,0.0,0.0,0.0,0.0
2014-05-13,3.0,3.0,3.0,3.0,3.0,3.0,3.0,3.0,3.0,3.0,3.0
2014-05-14,0.0,0.0,3.0,3.0,3.0,3.0,3.0,3.0,3.0,3.0,3.0
2014-05-15,0.0,0.0,0.0,0.0,0.0,0.0,0.0,0.0,0.0,0.0,0.0
2014-05-16,16.0,29.0,37.0,40.0,65.0,85.0,105.0,121.0,139.0,195.0,198.0
2014-05-17,27.0,46.0,58.0,67.0,118.0,164.0,191.0,252.0,286.0,324.0,388.0
2014-05-18,0.0,0.0,0.0,0.0,0.0,0.0,0.0,0.0,0.0,0.0,186.0
2014-05-19,0.0,0.0,0.0,0.0,0.0,0.0,0.0,0.0,0.0,0.0,0.0
2014-05-20,0.0,0.0,0.0,0.0,0.0,0.0,0.0,0.0,0.0,0.0,0.0
2014-05-23,0.0,0.0,0.0,0.0,0.0,0.0,0.0,0.0,2.0,2.0,2.0
2014-05-24,0.0,0.0,0.0,0.0,0.0,0.0,0.0,0.0,0.0,0.0,0.0
2014-05-25,35.0,38.0,38.0,38.0,38.0,38.0,38.0,38.0,38.0,38.0,38.0
2014-05-26,9.0,12.0,19.0,21.0,21.0,21.0,27.0,38.0,38.0,38.0,42.0
2014-05-27,18.0,29.0,39.0,39.0,39.0,39.0,39.0,39.0,39.0,60.0,70.0
2014-05-28,2.0,2.0,2.0,2.0,2.0,2.0,2.0,2.0,2.0,2.0,41.0
2014-05-29,0.0,0.0,0.0,0.0,0.0,0.0,0.0,0.0,0.0,0.0,2.0
2014-05-30,12.0,14.0,14.0,14.0,14.0,14.0,14.0,14.0,14.0,14.0,14.0
2014-05-31,0.0,0.0,0.0,0.0,0.0,0.0,0.0,0.0,0.0,14.0,14.0
2014-06-01,0.0,0.0,0.0,0.0,0.0,0.0,0.0,0.0,0.0,0.0,0.0
2014-06-02,0.0,0.0,0.0,0.0,0.0,0.0,0.0,0.0,0.0,0.0,0.0
2014-06-03,70.0,120.0,141.0,144.0,194.0,205.0,208.0,208.0,208.0,208.0,208.0
2014-06-04,0.0,0.0,0.0,0.0,0.0,0.0,0.0,0.0,22.0,208.0,208.0
2014-06-05,0.0,0.0,0.0,0.0,0.0,0.0,0.0,0.0,0.0,0.0,0.0
2014-06-06,0.0,0.0,0.0,0.0,0.0,0.0,0.0,0.0,0.0,0.0,0.0
2014-06-07,0.0,0.0,0.0,0.0,0.0,0.0,0.0,0.0,0.0,0.0,0.0
2014-06-08,0.0,0.0,0.0,0.0,0.0,0.0,0.0,0.0,0.0,0.0,0.0
2014-06-09,0.0,0.0,0.0,0.0,0.0,0.0,0.0,0.0,0.0,0.0,0.0
2014-06-10,0.0,0.0,0.0,0.0,0.0,0.0,0.0,0.0,0.0,0.0,0.0
2014-06-11,3.0,3.0,5.0,5.0,7.0,9.0,12.0,15.0,15.0,15.0,15.0
2014-06-12,29.0,50.0,63.0,76.0,111.0,158.0,179.0,226.0,259.0,271.0,329.0
2014-06-13,32.0,50.0,63.0,78.0,128.0,175.0,195.0,208.0,297.0,330.0,392.0
2014-06-14,4.0,5.0,8.0,11.0,64.0,71.0,73.0,80.0,84.0,173.0,414.0
2014-06-15,0.0,0.0,0.0,0.0,0.0,0.0,0.0,0.0,0.0,0.0,22.0
2014-06-16,0.0,0.0,0.0,0.0,0.0,0.0,0.0,0.0,0.0,0.0,0.0
2014-06-17,45.0,85.0,106.0,120.0,150.0,150.0,150.0,150.0,150.0,150.0,150.0
2014-06-18,20.0,33.0,73.0,113.0,178.0,205.0,231.0,241.0,241.0,241.0,241.0
2014-06-19,0.0,0.0,0.0,0.0,0.0,0.0,0.0,0.0,0.0,0.0,77.0
2014-06-20,0.0,0.0,0.0,0.0,0.0,0.0,0.0,0.0,0.0,0.0,0.0
2014-06-21,0.0,0.0,0.0,0.0,0.0,0.0,0.0,0.0,0.0,0.0,0.0
2014-06-22,0.0,0.0,0.0,0.0,0.0,0.0,0.0,0.0,0.0,0.0,0.0
2014-06-23,0.0,0.0,0.0,0.0,0.0,0.0,0.0,0.0,0.0,0.0,0.0
2014-06-24,58.0,105.0,137.0,166.0,271.0,297.0,297.0,297.0,320.0,420.0,435.0
2014-06-25,0.0,32.0,79.0,137.0,251.0,297.0,297.0,297.0,302.0,420.0,435.0
2014-06-26,0.0,0.0,0.0,0.0,0.0,0.0,0.0,0.0,0.0,0.0,0.0
2014-06-27,0.0,0.0,0.0,0.0,0.0,0.0,0.0,0.0,0.0,0.0,0.0
2014-06-28,0.0,0.0,0.0,0.0,0.0,0.0,0.0,0.0,0.0,0.0,0.0
2014-06-29,0.0,0.0,0.0,0.0,0.0,0.0,0.0,0.0,0.0,0.0,0.0
2014-06-30,0.0,0.0,0.0,0.0,0.0,0.0,0.0,0.0,0.0,0.0,0.0
2014-07-01,0.0,0.0,0.0,0.0,0.0,0.0,0.0,0.0,0.0,0.0,0.0
2014-07-02,0.0,0.0,0.0,0.0,0.0,0.0,0.0,0.0,0.0,0.0,0.0
2014-07-03,0.0,0.0,0.0,0.0,0.0,0.0,0.0,0.0,0.0,0.0,0.0
2014-07-04,16.0,25.0,30.0,30.0,30.0,30.0,30.0,30.0,30.0,30.0,30.0
2014-07-05,0.0,0.0,0.0,0.0,0.0,0.0,0.0,0.0,0.0,0.0,30.0
2014-07-06,0.0,0.0,0.0,0.0,0.0,0.0,0.0,0.0,0.0,0.0,0.0
2014-07-07,18.0,31.0,45.0,56.0,64.0,69.0,72.0,84.0,89.0,89.0,89.0
2014-07-08,15.0,28.0,40.0,51.0,62.0,62.0,62.0,62.0,62.0,81.0,89.0
2014-07-09,0.0,0.0,0.0,0.0,0.0,40.0,62.0,62.0,62.0,62.0,62.0
2014-07-10,0.0,0.0,0.0,0.0,0.0,0.0,0.0,0.0,0.0,0.0,0.0
2014-07-11,0.0,0.0,0.0,0.0,0.0,0.0,0.0,0.0,0.0,0.0,0.0
2014-07-12,0.0,0.0,0.0,0.0,0.0,0.0,0.0,0.0,0.0,0.0,0.0
2014-07-13,26.0,36.0,45.0,49.0,52.0,52.0,52.0,98.0,98.0,98.0,98.0
2014-07-14,0.0,0.0,0.0,0.0,0.0,0.0,0.0,0.0,52.0,71.0,98.0
2014-07-15,7.0,12.0,12.0,16.0,18.0,18.0,18.0,18.0,18.0,21.0,21.0
2014-07-16,0.0,0.0,0.0,0.0,3.0,3.0,3.0,3.0,3.0,19.0,21.0
2014-07-17,0.0,0.0,0.0,0.0,0.0,0.0,0.0,0.0,0.0,0.0,0.0
2014-07-18,0.0,0.0,0.0,0.0,0.0,0.0,0.0,0.0,0.0,0.0,0.0
2014-07-19,0.0,0.0,0.0,0.0,0.0,0.0,0.0,0.0,0.0,0.0,0.0
2014-07-20,0.0,0.0,0.0,0.0,0.0,0.0,0.0,0.0,0.0,0.0,0.0
2014-07-21,0.0,0.0,0.0,0.0,0.0,0.0,0.0,0.0,0.0,0.0,0.0
2014-07-22,0.0,0.0,0.0,0.0,0.0,0.0,0.0,0.0,0.0,0.0,0.0
2014-07-23,34.0,41.0,48.0,48.0,54.0,60.0,98.0,113.0,113.0,113.0,113.0
2014-07-24,0.0,0.0,0.0,0.0,0.0,0.0,0.0,0.0,0.0,15.0,113.0
2014-07-25,0.0,0.0,0.0,0.0,0.0,0.0,0.0,0.0,0.0,0.0,0.0
2014-07-26,0.0,0.0,0.0,0.0,0.0,0.0,0.0,0.0,0.0,0.0,0.0
2014-07-27,37.0,45.0,49.0,49.0,52.0,68.0,83.0,92.0,92.0,92.0,92.0
2014-07-28,7.0,12.0,15.0,18.0,27.0,41.0,47.0,64.0,74.0,83.0,92.0
2014-07-29,0.0,0.0,0.0,0.0,0.0,3.0,3.0,20.0,42.0,77.0,83.0
2014-07-30,3.0,3.0,3.0,5.0,5.0,5.0,5.0,5.0,5.0,5.0,5.0
2014-07-31,40.0,63.0,76.0,83.0,120.0,122.0,122.0,122.0,122.0,122.0,127.0
2014-08-01,0.0,0.0,0.0,0.0,0.0,0.0,0.0,0.0,0.0,122.0,122.0
2014-08-02,0.0,0.0,0.0,0.0,0.0,0.0,0.0,0.0,0.0,0.0,0.0
2014-08-03,0.0,0.0,0.0,0.0,0.0,0.0,0.0,0.0,0.0,0.0,0.0
2014-08-04,0.0,0.0,0.0,0.0,0.0,0.0,0.0,0.0,0.0,0.0,0.0
2014-08-05,0.0,0.0,0.0,0.0,0.0,0.0,0.0,0.0,0.0,0.0,0.0
2014-08-06,11.0,11.0,11.0,11.0,11.0,11.0,11.0,11.0,11.0,11.0,11.0
2014-08-07,27.0,27.0,27.0,27.0,43.0,43.0,51.0,53.0,53.0,53.0,53.0
2014-08-08,2.0,2.0,2.0,2.0,2.0,2.0,2.0,2.0,2.0,53.0,55.0
2014-08-09,0.0,0.0,0.0,0.0,0.0,0.0,0.0,0.0,0.0,0.0,2.0
2014-08-10,0.0,0.0,0.0,0.0,0.0,0.0,0.0,0.0,0.0,0.0,0.0
2014-08-11,2.0,2.0,2.0,2.0,2.0,2.0,2.0,2.0,2.0,2.0,2.0
2014-08-12,0.0,0.0,0.0,0.0,0.0,0.0,0.0,0.0,0.0,0.0,2.0
2014-08-13,24.0,37.0,46.0,58.0,100.0,130.0,159.0,230.0,250.0,315.0,439.0
2014-08-14,0.0,0.0,0.0,0.0,0.0,0.0,0.0,5.0,64.0,146.0,436.0
2014-08-15,11.0,14.0,14.0,14.0,21.0,23.0,23.0,28.0,40.0,42.0,42.0
2014-08-16,19.0,29.0,38.0,43.0,74.0,87.0,103.0,107.0,114.0,117.0,117.0
2014-08-17,0.0,0.0,3.0,7.0,49.0,81.0,94.0,105.0,112.0,117.0,117.0
2014-08-18,0.0,0.0,0.0,0.0,0.0,0.0,0.0,0.0,0.0,0.0,0.0
2014-08-19,2.0,2.0,2.0,2.0,2.0,2.0,2.0,2.0,2.0,2.0,2.0
2014-08-20,0.0,2.0,2.0,2.0,2.0,2.0,2.0,2.0,2.0,2.0,2.0
2014-08-21,0.0,0.0,0.0,0.0,0.0,0.0,0.0,0.0,0.0,0.0,0.0
2014-08-22,0.0,0.0,0.0,0.0,0.0,0.0,0.0,0.0,0.0,0.0,0.0
2014-08-23,0.0,0.0,0.0,0.0,0.0,0.0,0.0,0.0,0.0,0.0,0.0
2014-08-24,0.0,0.0,0.0,0.0,0.0,0.0,0.0,0.0,0.0,0.0,0.0
2014-08-25,0.0,0.0,0.0,0.0,0.0,0.0,0.0,0.0,0.0,0.0,0.0
2014-08-26,0.0,0.0,0.0,0.0,0.0,0.0,0.0,0.0,0.0,0.0,0.0
2014-08-27,0.0,0.0,0.0,0.0,0.0,0.0,0.0,0.0,0.0,0.0,0.0
2014-08-28,0.0,0.0,0.0,0.0,0.0,0.0,0.0,0.0,0.0,0.0,0.0
2014-08-29,0.0,0.0,0.0,0.0,0.0,0.0,0.0,0.0,0.0,0.0,0.0
2014-08-30,0.0,0.0,0.0,0.0,0.0,0.0,0.0,0.0,0.0,0.0,0.0
2014-08-31,27.0,50.0,65.0,79.0,93.0,93.0,93.0,93.0,93.0,93.0,99.0
2014-09-01,0.0,0.0,0.0,0.0,0.0,0.0,0.0,0.0,0.0,6.0,99.0
2014-09-02,8.0,12.0,16.0,17.0,30.0,32.0,32.0,32.0,32.0,32.0,32.0
2014-09-03,0.0,0.0,0.0,0.0,0.0,2.0,13.0,32.0,32.0,32.0,32.0
2014-09-04,0.0,0.0,0.0,0.0,0.0,0.0,0.0,0.0,0.0,0.0,0.0
2014-09-05,20.0,20.0,20.0,20.0,20.0,20.0,20.0,20.0,20.0,20.0,20.0
2014-09-06,13.0,13.0,14.0,16.0,19.0,19.0,27.0,35.0,35.0,35.0,55.0
2014-09-07,0.0,0.0,0.0,0.0,0.0,0.0,0.0,0.0,0.0,16.0,35.0
2014-09-08,0.0,0.0,0.0,0.0,0.0,0.0,0.0,0.0,0.0,0.0,0.0
2014-09-09,0.0,0.0,0.0,0.0,0.0,0.0,0.0,0.0,0.0,0.0,0.0
2014-09-10,0.0,0.0,0.0,0.0,0.0,0.0,0.0,0.0,0.0,0.0,0.0
2014-09-11,16.0,21.0,23.0,28.0,40.0,43.0,43.0,52.0,52.0,52.0,52.0
2014-09-12,0.0,0.0,0.0,0.0,0.0,0.0,0.0,0.0,0.0,0.0,52.0
2014-09-13,21.0,39.0,49.0,59.0,87.0,115.0,142.0,179.0,179.0,179.0,179.0
2014-09-14,0.0,0.0,0.0,0.0,0.0,0.0,0.0,31.0,91.0,179.0,179.0
2014-09-15,0.0,0.0,0.0,0.0,0.0,0.0,0.0,0.0,0.0,0.0,0.0
2014-09-16,0.0,0.0,0.0,0.0,0.0,0.0,0.0,0.0,0.0,0.0,0.0
2014-09-17,0.0,0.0,0.0,0.0,0.0,0.0,0.0,0.0,0.0,0.0,0.0
2014-09-21,15.0,19.0,22.0,22.0,24.0,24.0,27.0,32.0,51.0,51.0,51.0
2014-09-22,0.0,0.0,0.0,0.0,0.0,0.0,0.0,0.0,0.0,24.0,51.0
2014-09-23,3.0,5.0,5.0,8.0,8.0,8.0,8.0,8.0,8.0,8.0,8.0
2014-09-24,0.0,0.0,0.0,0.0,0.0,0.0,0.0,0.0,0.0,0.0,8.0
2014-09-25,0.0,0.0,0.0,0.0,0.0,0.0,0.0,0.0,0.0,0.0,0.0
2014-09-26,0.0,0.0,0.0,0.0,0.0,0.0,0.0,0.0,0.0,0.0,0.0
2014-09-27,0.0,0.0,0.0,0.0,0.0,0.0,0.0,0.0,0.0,0.0,0.0
2014-09-28,0.0,0.0,0.0,0.0,0.0,0.0,0.0,0.0,0.0,0.0,0.0
2014-09-29,0.0,0.0,0.0,0.0,0.0,0.0,0.0,0.0,0.0,0.0,0.0
2014-09-30,0.0,0.0,0.0,0.0,0.0,0.0,0.0,0.0,0.0,0.0,0.0
2014-10-03,0.0,0.0,0.0,0.0,0.0,0.0,0.0,0.0,0.0,0.0,0.0
2014-10-04,16.0,28.0,39.0,45.0,67.0,99.0,120.0,147.0,171.0,174.0,215.0
2014-10-05,0.0,0.0,3.0,3.0,3.0,7.0,10.0,27.0,41.0,44.0,215.0
2014-10-06,0.0,0.0,0.0,0.0,0.0,0.0,0.0,0.0,0.0,0.0,0.0
2014-10-07,6.0,10.0,13.0,16.0,21.0,21.0,21.0,30.0,30.0,30.0,30.0
2014-10-08,19.0,29.0,39.0,51.0,83.0,107.0,137.0,147.0,156.0,166.0,191.0
2014-10-09,3.0,3.0,3.0,3.0,3.0,3.0,3.0,4.0,14.0,35.0,191.0
2014-10-10,2.0,2.0,2.0,2.0,2.0,2.0,2.0,2.0,2.0,3.0,5.0
2014-10-11,0.0,0.0,0.0,0.0,0.0,0.0,0.0,0.0,0.0,0.0,2.0
2014-10-12,0.0,0.0,0.0,0.0,0.0,0.0,0.0,0.0,0.0,0.0,0.0
2014-10-13,0.0,0.0,0.0,0.0,0.0,0.0,0.0,0.0,0.0,0.0,0.0
2014-10-14,0.0,0.0,0.0,0.0,0.0,0.0,0.0,0.0,0.0,0.0,0.0
2014-10-15,16.0,26.0,35.0,35.0,35.0,35.0,35.0,35.0,35.0,35.0,41.0
2014-10-16,6.0,10.0,13.0,13.0,37.0,39.0,43.0,52.0,52.0,61.0,103.0
2014-10-17,0.0,0.0,0.0,0.0,0.0,0.0,12.0,12.0,15.0,25.0,68.0
2014-10-18,4.0,8.0,8.0,8.0,12.0,12.0,12.0,12.0,12.0,14.0,16.0
2014-10-19,0.0,0.0,0.0,0.0,0.0,0.0,0.0,0.0,8.0,12.0,16.0
2014-10-20,2.0,2.0,4.0,4.0,4.0,4.0,4.0,4.0,4.0,4.0,4.0
2014-10-21,3.0,3.0,6.0,6.0,9.0,11.0,11.0,11.0,11.0,14.0,26.0
2014-10-22,0.0,0.0,0.0,0.0,0.0,0.0,0.0,0.0,0.0,11.0,22.0
2014-10-23,9.0,14.0,18.0,22.0,38.0,49.0,52.0,52.0,52.0,52.0,52.0
2014-10-24,3.0,3.0,5.0,5.0,5.0,7.0,9.0,9.0,15.0,52.0,61.0
2014-10-25,6.0,11.0,11.0,15.0,25.0,25.0,25.0,25.0,31.0,31.0,31.0
2014-10-26,2.0,6.0,6.0,6.0,6.0,6.0,6.0,6.0,26.0,31.0,37.0
2014-10-27,0.0,0.0,0.0,0.0,0.0,0.0,0.0,0.0,0.0,6.0,6.0
2014-10-28,10.0,11.0,16.0,20.0,25.0,25.0,25.0,25.0,28.0,28.0,44.0
2014-10-29,3.0,3.0,6.0,6.0,12.0,18.0,20.0,26.0,26.0,26.0,52.0
2015-05-01,0.0,0.0,0.0,0.0,0.0,0.0,0.0,0.0,0.0,0.0,0.0
2015-05-02,2.0,2.0,2.0,2.0,2.0,2.0,2.0,2.0,2.0,2.0,2.0
2015-05-03,2.0,2.0,2.0,2.0,2.0,2.0,2.0,2.0,4.0,4.0,4.0
2015-05-04,3.0,5.0,6.0,8.0,8.0,8.0,8.0,8.0,8.0,8.0,8.0
2015-05-05,2.0,2.0,2.0,2.0,2.0,3.0,8.0,8.0,10.0,10.0,10.0
2015-05-06,0.0,0.0,0.0,0.0,0.0,0.0,0.0,0.0,0.0,0.0,2.0
2015-05-07,0.0,0.0,0.0,0.0,0.0,0.0,0.0,0.0,0.0,0.0,0.0
2015-05-08,0.0,0.0,0.0,0.0,0.0,0.0,0.0,0.0,0.0,0.0,0.0
2015-05-09,72.0,72.0,72.0,72.0,84.0,84.0,84.0,84.0,84.0,84.0,84.0
2015-05-10,0.0,0.0,0.0,0.0,0.0,0.0,0.0,12.0,84.0,84.0,84.0
2015-05-11,21.0,37.0,50.0,61.0,96.0,128.0,154.0,170.0,175.0,185.0,187.0
2015-05-12,26.0,52.0,52.0,52.0,54.0,69.0,71.0,71.0,72.0,90.0,183.0
2015-05-13,0.0,0.0,0.0,0.0,0.0,0.0,0.0,0.0,0.0,54.0,90.0
2015-05-14,2.0,2.0,2.0,2.0,2.0,2.0,2.0,2.0,2.0,2.0,2.0
2015-05-15,0.0,0.0,0.0,0.0,0.0,0.0,0.0,0.0,0.0,0.0,2.0
2015-05-16,0.0,0.0,0.0,0.0,0.0,0.0,0.0,0.0,0.0,0.0,0.0
2015-05-17,2.0,2.0,2.0,2.0,2.0,4.0,4.0,4.0,4.0,4.0,4.0
2015-05-18,64.0,67.0,67.0,67.0,67.0,90.0,90.0,90.0,90.0,90.0,90.0
2015-05-19,0.0,0.0,0.0,64.0,67.0,70.0,90.0,90.0,90.0,90.0,90.0
2015-05-20,0.0,0.0,0.0,0.0,0.0,0.0,0.0,0.0,0.0,0.0,0.0
2015-05-21,0.0,0.0,0.0,0.0,0.0,0.0,0.0,0.0,0.0,0.0,0.0
2015-05-22,2.0,2.0,2.0,2.0,2.0,2.0,2.0,2.0,2.0,2.0,2.0
2015-05-23,0.0,0.0,0.0,0.0,2.0,2.0,2.0,2.0,2.0,2.0,2.0
2015-05-24,2.0,2.0,2.0,2.0,2.0,2.0,2.0,2.0,2.0,2.0,2.0
2015-05-25,17.0,34.0,42.0,49.0,80.0,101.0,138.0,164.0,177.0,188.0,190.0
2015-05-26,19.0,32.0,45.0,47.0,52.0,52.0,88.0,138.0,207.0,235.0,237.0
2015-05-27,0.0,0.0,0.0,0.0,0.0,0.0,0.0,0.0,0.0,0.0,47.0
2015-05-28,26.0,26.0,30.0,30.0,30.0,30.0,30.0,48.0,48.0,48.0,48.0
2015-05-29,2.0,2.0,2.0,2.0,2.0,2.0,2.0,2.0,18.0,22.0,50.0
2015-05-30,14.0,14.0,17.0,23.0,23.0,23.0,23.0,23.0,23.0,23.0,23.0
2015-05-31,6.0,9.0,9.0,13.0,25.0,25.0,27.0,45.0,50.0,53.0,53.0
2015-06-01,4.0,7.0,10.0,14.0,16.0,18.0,18.0,18.0,18.0,18.0,30.0
2015-06-02,4.0,4.0,4.0,4.0,6.0,6.0,8.0,10.0,12.0,12.0,20.0
2015-06-03,0.0,0.0,0.0,0.0,0.0,0.0,0.0,0.0,0.0,0.0,12.0
2015-06-04,0.0,0.0,0.0,0.0,0.0,0.0,0.0,0.0,0.0,0.0,0.0
2015-06-07,0.0,0.0,0.0,0.0,0.0,0.0,0.0,0.0,0.0,0.0,0.0
2015-06-08,32.0,46.0,52.0,57.0,77.0,94.0,136.0,184.0,203.0,258.0,258.0
2015-06-09,16.0,30.0,32.0,35.0,38.0,54.0,65.0,76.0,78.0,78.0,258.0
2015-06-10,7.0,14.0,14.0,14.0,20.0,20.0,26.0,56.0,78.0,78.0,78.0
2015-06-11,0.0,0.0,3.0,3.0,3.0,3.0,9.0,23.0,23.0,23.0,23.0
2015-06-12,10.0,18.0,25.0,31.0,46.0,63.0,79.0,102.0,106.0,106.0,106.0
2015-06-13,0.0,0.0,0.0,0.0,7.0,35.0,51.0,85.0,106.0,106.0,106.0
2015-06-14,0.0,0.0,0.0,0.0,0.0,0.0,0.0,0.0,0.0,0.0,0.0
2015-06-15,0.0,0.0,0.0,0.0,0.0,0.0,0.0,0.0,0.0,0.0,0.0
2015-06-16,58.0,84.0,130.0,147.0,212.0,227.0,234.0,234.0,237.0,242.0,242.0
2015-06-17,0.0,0.0,0.0,0.0,0.0,0.0,0.0,0.0,8.0,10.0,242.0
2015-06-18,12.0,19.0,27.0,30.0,36.0,36.0,36.0,36.0,36.0,36.0,36.0
2015-06-19,0.0,0.0,0.0,0.0,6.0,36.0,36.0,36.0,36.0,36.0,36.0
2015-06-20,0.0,0.0,0.0,0.0,0.0,0.0,0.0,0.0,0.0,0.0,0.0
2015-06-21,80.0,112.0,191.0,193.0,195.0,195.0,195.0,195.0,195.0,195.0,195.0
2015-06-22,62.0,66.0,66.0,66.0,84.0,195.0,195.0,195.0,261.0,261.0,261.0
2015-06-23,7.0,7.0,7.0,7.0,10.0,10.0,10.0,10.0,13.0,13.0,66.0
2015-06-24,23.0,29.0,29.0,29.0,29.0,29.0,29.0,29.0,29.0,29.0,29.0
2015-06-25,2.0,2.0,2.0,2.0,2.0,2.0,2.0,29.0,29.0,31.0,31.0
2015-06-26,0.0,0.0,0.0,0.0,0.0,0.0,0.0,0.0,0.0,0.0,2.0
2015-06-27,0.0,0.0,0.0,0.0,0.0,0.0,0.0,0.0,0.0,0.0,0.0
2015-06-28,9.0,16.0,22.0,28.0,43.0,47.0,52.0,73.0,96.0,114.0,114.0
2015-06-29,0.0,0.0,0.0,0.0,0.0,0.0,0.0,2.0,16.0,63.0,114.0
2015-06-30,6.0,12.0,12.0,14.0,23.0,25.0,25.0,25.0,25.0,25.0,25.0
2015-07-01,12.0,20.0,27.0,32.0,45.0,57.0,74.0,74.0,82.0,85.0,114.0
2015-07-02,0.0,0.0,0.0,0.0,0.0,0.0,0.0,3.0,11.0,56.0,92.0
2015-07-03,0.0,0.0,0.0,0.0,0.0,0.0,0.0,0.0,0.0,0.0,0.0
2015-07-04,0.0,0.0,0.0,0.0,0.0,0.0,0.0,0.0,0.0,0.0,0.0
2015-07-05,0.0,0.0,0.0,0.0,0.0,0.0,0.0,0.0,0.0,0.0,0.0
2015-07-06,0.0,0.0,0.0,0.0,0.0,0.0,0.0,0.0,0.0,0.0,0.0
2015-07-07,2.0,2.0,2.0,2.0,2.0,2.0,2.0,2.0,2.0,2.0,2.0
2015-07-08,6.0,10.0,10.0,10.0,13.0,15.0,15.0,15.0,15.0,15.0,17.0
2015-07-09,0.0,0.0,0.0,0.0,0.0,0.0,0.0,0.0,0.0,0.0,15.0
2015-07-10,0.0,0.0,0.0,0.0,0.0,0.0,0.0,0.0,0.0,0.0,0.0
2015-07-11,0.0,0.0,0.0,0.0,0.0,0.0,0.0,0.0,0.0,0.0,0.0
2015-07-12,0.0,0.0,0.0,0.0,0.0,0.0,0.0,0.0,0.0,0.0,0.0
2015-07-13,0.0,0.0,0.0,0.0,0.0,0.0,0.0,0.0,0.0,0.0,0.0
2015-07-14,0.0,0.0,0.0,0.0,0.0,0.0,0.0,0.0,0.0,0.0,0.0
2015-07-15,0.0,0.0,0.0,0.0,0.0,0.0,0.0,0.0,0.0,0.0,0.0
2015-07-16,2.0,2.0,2.0,2.0,4.0,4.0,4.0,4.0,4.0,4.0,4.0
2015-07-17,7.0,7.0,7.0,7.0,7.0,7.0,7.0,7.0,7.0,7.0,7.0
2015-07-18,23.0,37.0,41.0,41.0,51.0,64.0,64.0,68.0,68.0,68.0,68.0
2015-07-19,71.0,122.0,179.0,230.0,324.0,341.0,341.0,345.0,345.0,345.0,414.0
2015-07-20,0.0,2.0,2.0,2.0,6.0,37.0,44.0,66.0,69.0,69.0,414.0
2015-07-21,118.0,169.0,189.0,189.0,189.0,189.0,212.0,235.0,255.0,301.0,305.0
2015-07-22,2.0,2.0,2.0,2.0,2.0,2.0,46.0,46.0,235.0,248.0,307.0
2015-07-23,3.0,3.0,3.0,3.0,3.0,3.0,3.0,5.0,5.0,5.0,5.0
2015-07-24,4.0,4.0,4.0,6.0,6.0,8.0,8.0,12.0,12.0,14.0,17.0
2015-07-25,0.0,0.0,0.0,0.0,0.0,0.0,0.0,0.0,0.0,0.0,12.0
2015-07-26,18.0,26.0,29.0,31.0,34.0,34.0,34.0,34.0,34.0,34.0,34.0
2015-07-27,8.0,10.0,10.0,10.0,10.0,10.0,10.0,10.0,10.0,10.0,32.0
2015-07-28,2.0,2.0,2.0,2.0,2.0,10.0,10.0,10.0,10.0,12.0,12.0
2015-07-29,0.0,0.0,0.0,0.0,0.0,0.0,0.0,0.0,0.0,0.0,2.0
2015-07-30,16.0,29.0,36.0,40.0,40.0,40.0,40.0,40.0,40.0,40.0,40.0
2015-07-31,0.0,0.0,0.0,0.0,0.0,0.0,0.0,0.0,0.0,0.0,40.0
2015-08-01,25.0,43.0,47.0,47.0,56.0,56.0,56.0,56.0,56.0,56.0,70.0
2015-08-02,2.0,2.0,2.0,2.0,2.0,2.0,2.0,31.0,58.0,58.0,72.0
2015-08-03,2.0,2.0,2.0,2.0,2.0,2.0,2.0,2.0,2.0,2.0,4.0
2015-08-04,28.0,28.0,30.0,30.0,30.0,30.0,30.0,30.0,30.0,30.0,30.0
2015-08-05,2.0,2.0,2.0,2.0,4.0,32.0,32.0,32.0,32.0,34.0,34.0
2015-08-06,0.0,0.0,0.0,0.0,0.0,0.0,0.0,0.0,0.0,0.0,2.0
2015-08-07,0.0,0.0,0.0,0.0,0.0,0.0,0.0,0.0,0.0,0.0,0.0
2015-08-08,3.0,3.0,3.0,3.0,3.0,3.0,3.0,5.0,5.0,5.0,5.0
2015-08-09,2.0,2.0,2.0,2.0,2.0,2.0,2.0,2.0,2.0,2.0,5.0
2015-08-10,77.0,126.0,126.0,126.0,128.0,128.0,132.0,132.0,132.0,132.0,135.0
2015-08-11,52.0,84.0,151.0,183.0,255.0,274.0,329.0,375.0,435.0,669.0,695.0
2015-08-12,16.0,16.0,17.0,29.0,29.0,29.0,29.0,29.0,29.0,32.0,561.0
2015-08-13,0.0,0.0,0.0,0.0,0.0,0.0,0.0,0.0,0.0,0.0,16.0
2015-08-14,10.0,10.0,10.0,12.0,18.0,25.0,27.0,31.0,35.0,35.0,35.0
2015-08-15,3.0,3.0,3.0,6.0,6.0,6.0,6.0,6.0,6.0,8.0,41.0
2015-08-16,0.0,0.0,0.0,0.0,0.0,0.0,0.0,0.0,0.0,0.0,6.0
2015-08-17,0.0,0.0,0.0,0.0,0.0,0.0,0.0,0.0,0.0,0.0,0.0
2015-08-18,31.0,39.0,41.0,43.0,43.0,43.0,43.0,43.0,43.0,43.0,45.0
2015-08-19,2.0,2.0,4.0,12.0,43.0,43.0,43.0,43.0,43.0,45.0,45.0
2015-08-20,0.0,0.0,0.0,0.0,0.0,0.0,0.0,0.0,0.0,0.0,2.0
2015-08-21,31.0,49.0,59.0,67.0,92.0,111.0,141.0,141.0,141.0,141.0,141.0
2015-08-22,0.0,0.0,0.0,0.0,0.0,0.0,0.0,0.0,0.0,0.0,141.0
2015-08-23,0.0,0.0,0.0,0.0,0.0,0.0,0.0,0.0,0.0,0.0,0.0
2015-08-24,0.0,0.0,0.0,0.0,0.0,0.0,0.0,0.0,0.0,0.0,0.0
2015-08-25,6.0,6.0,6.0,6.0,11.0,11.0,11.0,11.0,11.0,11.0,11.0
2015-08-26,0.0,0.0,0.0,0.0,0.0,0.0,0.0,5.0,11.0,11.0,11.0
2015-08-27,0.0,0.0,0.0,0.0,0.0,0.0,0.0,0.0,0.0,0.0,0.0
2015-08-28,0.0,0.0,0.0,0.0,0.0,0.0,0.0,0.0,0.0,0.0,0.0
2015-08-29,3.0,3.0,3.0,3.0,3.0,3.0,3.0,3.0,3.0,3.0,3.0
2015-08-30,0.0,0.0,0.0,0.0,0.0,0.0,0.0,0.0,0.0,0.0,3.0
2015-08-31,0.0,0.0,0.0,0.0,0.0,0.0,0.0,0.0,0.0,0.0,0.0
2015-09-01,0.0,0.0,0.0,0.0,0.0,0.0,0.0,0.0,0.0,0.0,0.0
2015-09-02,0.0,0.0,0.0,0.0,0.0,0.0,0.0,0.0,0.0,0.0,0.0
2015-09-03,2.0,2.0,2.0,2.0,2.0,2.0,2.0,2.0,2.0,2.0,2.0
2015-09-04,0.0,0.0,0.0,0.0,0.0,0.0,0.0,0.0,0.0,0.0,2.0
2015-09-05,3.0,3.0,3.0,3.0,3.0,3.0,3.0,3.0,3.0,3.0,3.0
2015-09-06,0.0,0.0,0.0,0.0,0.0,0.0,0.0,0.0,0.0,0.0,3.0
2015-09-07,108.0,131.0,152.0,155.0,155.0,155.0,155.0,155.0,155.0,155.0,155.0
2015-09-08,0.0,0.0,0.0,0.0,0.0,132.0,155.0,155.0,155.0,155.0,155.0
2015-09-09,0.0,0.0,0.0,0.0,0.0,0.0,0.0,0.0,0.0,0.0,0.0
2015-09-10,5.0,5.0,5.0,5.0,5.0,5.0,5.0,5.0,5.0,5.0,9.0
2015-09-11,3.0,3.0,3.0,3.0,3.0,3.0,3.0,7.0,7.0,7.0,12.0
2015-09-12,6.0,11.0,15.0,19.0,32.0,41.0,50.0,60.0,60.0,60.0,64.0
2015-09-13,117.0,137.0,143.0,147.0,147.0,147.0,228.0,230.0,258.0,271.0,392.0
2015-09-14,16.0,26.0,36.0,43.0,46.0,47.0,56.0,56.0,83.0,233.0,334.0
2015-09-15,0.0,0.0,0.0,0.0,0.0,0.0,0.0,0.0,0.0,0.0,56.0
2015-09-16,0.0,0.0,0.0,0.0,0.0,0.0,0.0,0.0,0.0,0.0,0.0
2015-09-17,0.0,0.0,0.0,0.0,0.0,0.0,0.0,0.0,0.0,0.0,0.0
2015-09-18,3.0,3.0,5.0,5.0,7.0,7.0,7.0,7.0,7.0,7.0,7.0
2015-09-19,57.0,72.0,78.0,84.0,100.0,100.0,100.0,100.0,100.0,100.0,100.0
2015-09-20,2.0,2.0,2.0,2.0,2.0,62.0,92.0,100.0,100.0,100.0,100.0
2015-09-21,0.0,0.0,0.0,0.0,0.0,0.0,2.0,2.0,2.0,2.0,2.0
2015-09-22,0.0,0.0,0.0,0.0,0.0,0.0,0.0,0.0,0.0,0.0,0.0
2015-09-23,0.0,0.0,0.0,0.0,0.0,0.0,0.0,0.0,0.0,0.0,0.0
2015-09-24,0.0,0.0,0.0,0.0,0.0,0.0,0.0,0.0,0.0,0.0,0.0
2015-09-25,0.0,0.0,0.0,0.0,0.0,0.0,0.0,0.0,0.0,0.0,0.0
2015-09-26,0.0,0.0,0.0,0.0,0.0,0.0,0.0,0.0,0.0,0.0,0.0
2015-09-27,0.0,0.0,0.0,0.0,0.0,0.0,0.0,0.0,0.0,0.0,0.0
2015-09-28,3.0,3.0,3.0,3.0,3.0,3.0,6.0,6.0,6.0,6.0,6.0
2015-09-29,62.0,110.0,160.0,182.0,214.0,240.0,252.0,283.0,289.0,289.0,289.0
2015-10-02,0.0,0.0,0.0,0.0,0.0,0.0,0.0,0.0,0.0,0.0,0.0
2015-10-03,0.0,0.0,0.0,0.0,0.0,0.0,0.0,0.0,0.0,0.0,0.0
2015-10-04,0.0,0.0,0.0,0.0,0.0,0.0,0.0,0.0,0.0,0.0,0.0
2015-10-05,2.0,2.0,2.0,2.0,2.0,2.0,2.0,2.0,2.0,2.0,2.0
2015-10-06,0.0,0.0,0.0,0.0,0.0,0.0,0.0,0.0,0.0,0.0,2.0
2015-10-07,0.0,0.0,0.0,0.0,0.0,0.0,0.0,0.0,0.0,0.0,0.0
2015-10-08,4.0,4.0,4.0,4.0,4.0,4.0,4.0,4.0,4.0,4.0,4.0
2015-10-09,8.0,14.0,20.0,25.0,44.0,57.0,57.0,57.0,57.0,61.0,61.0
2015-10-10,3.0,3.0,3.0,3.0,3.0,3.0,3.0,3.0,3.0,4.0,61.0
2015-10-11,0.0,0.0,0.0,0.0,0.0,0.0,0.0,0.0,0.0,0.0,3.0
2015-10-12,0.0,0.0,0.0,0.0,0.0,0.0,0.0,0.0,0.0,0.0,0.0
2015-10-13,5.0,8.0,11.0,13.0,13.0,13.0,13.0,22.0,22.0,22.0,22.0
2015-10-14,0.0,0.0,0.0,0.0,0.0,0.0,0.0,9.0,9.0,22.0,22.0
2015-10-15,20.0,38.0,55.0,71.0,96.0,104.0,104.0,104.0,108.0,125.0,125.0
2015-10-16,11.0,20.0,20.0,20.0,20.0,20.0,30.0,104.0,104.0,108.0,125.0
2015-10-17,12.0,23.0,32.0,41.0,69.0,74.0,74.0,96.0,106.0,132.0,135.0
2015-10-18,2.0,2.0,2.0,2.0,2.0,3.0,3.0,3.0,3.0,5.0,103.0
2015-10-19,2.0,2.0,2.0,2.0,2.0,2.0,2.0,2.0,2.0,2.0,2.0
2015-10-20,0.0,0.0,0.0,0.0,0.0,0.0,0.0,2.0,2.0,2.0,2.0
2015-10-21,0.0,0.0,0.0,0.0,0.0,0.0,0.0,0.0,0.0,0.0,0.0
2015-10-22,7.0,12.0,16.0,19.0,22.0,28.0,28.0,28.0,30.0,30.0,30.0
2015-10-23,0.0,0.0,0.0,0.0,0.0,0.0,0.0,0.0,0.0,0.0,30.0
2015-10-24,0.0,0.0,0.0,0.0,0.0,0.0,0.0,0.0,0.0,0.0,0.0
2015-10-25,29.0,51.0,69.0,84.0,114.0,129.0,149.0,158.0,158.0,158.0,158.0
2015-10-26,0.0,0.0,0.0,0.0,0.0,0.0,0.0,0.0,0.0,0.0,158.0
2015-10-27,4.0,4.0,4.0,4.0,4.0,4.0,4.0,4.0,4.0,4.0,4.0
2015-10-28,23.0,43.0,61.0,79.0,127.0,156.0,226.0,271.0,273.0,276.0,276.0
2015-10-29,19.0,35.0,49.0,55.0,63.0,74.0,80.0,114.0,205.0,324.0,375.0
2015-10-30,0.0,0.0,0.0,0.0,0.0,0.0,0.0,0.0,0.0,0.0,91.0
2015-10-31,3.0,6.0,6.0,6.0,6.0,6.0,6.0,6.0,6.0,6.0,6.0
2016-05-01,24.0,29.0,33.0,38.0,58.0,68.0,72.0,78.0,83.0,83.0,83.0
2016-05-02,3.0,6.0,8.0,11.0,13.0,42.0,63.0,75.0,80.0,83.0,94.0
2016-05-03,0.0,0.0,0.0,0.0,0.0,0.0,0.0,0.0,0.0,13.0,13.0
2016-05-04,0.0,0.0,0.0,0.0,0.0,0.0,0.0,0.0,0.0,0.0,0.0
2016-05-05,0.0,0.0,0.0,0.0,0.0,0.0,0.0,0.0,0.0,0.0,0.0
2016-05-06,0.0,0.0,0.0,0.0,0.0,0.0,0.0,0.0,0.0,0.0,0.0
2016-05-07,3.0,3.0,3.0,5.0,5.0,5.0,5.0,7.0,7.0,7.0,7.0
2016-05-08,11.0,19.0,28.0,36.0,57.0,78.0,78.0,78.0,83.0,90.0,92.0
2016-05-09,0.0,0.0,0.0,0.0,0.0,0.0,0.0,0.0,0.0,0.0,85.0
2016-05-10,0.0,0.0,0.0,0.0,0.0,0.0,0.0,0.0,0.0,0.0,0.0
2016-05-11,0.0,0.0,0.0,0.0,0.0,0.0,0.0,0.0,0.0,0.0,0.0
2016-05-12,0.0,0.0,0.0,0.0,0.0,0.0,0.0,0.0,0.0,0.0,0.0
2016-05-13,10.0,18.0,28.0,34.0,40.0,40.0,40.0,40.0,40.0,40.0,40.0
2016-05-16,2.0,2.0,2.0,2.0,2.0,2.0,2.0,2.0,2.0,2.0,4.0
2016-05-17,0.0,0.0,0.0,0.0,0.0,0.0,0.0,0.0,0.0,0.0,2.0
2016-05-18,0.0,0.0,0.0,0.0,0.0,0.0,0.0,0.0,0.0,0.0,0.0
2016-05-19,0.0,0.0,0.0,0.0,0.0,0.0,0.0,0.0,0.0,0.0,0.0
2016-05-20,0.0,0.0,0.0,0.0,0.0,0.0,0.0,0.0,0.0,0.0,0.0
2016-05-21,0.0,0.0,0.0,0.0,0.0,0.0,0.0,0.0,0.0,0.0,0.0
2016-05-22,0.0,0.0,0.0,0.0,0.0,0.0,0.0,0.0,0.0,0.0,0.0
2016-05-23,0.0,0.0,0.0,0.0,0.0,0.0,0.0,0.0,0.0,0.0,0.0
2016-05-24,0.0,0.0,0.0,0.0,0.0,0.0,0.0,0.0,0.0,0.0,0.0
2016-05-25,0.0,0.0,0.0,0.0,0.0,0.0,0.0,0.0,0.0,0.0,0.0
2016-05-26,0.0,0.0,0.0,0.0,0.0,0.0,0.0,0.0,0.0,0.0,0.0
2016-05-27,4.0,4.0,8.0,8.0,10.0,10.0,10.0,10.0,10.0,10.0,10.0
2016-05-28,0.0,0.0,0.0,0.0,0.0,0.0,0.0,8.0,10.0,10.0,10.0
2016-05-29,0.0,0.0,0.0,0.0,0.0,0.0,0.0,0.0,0.0,0.0,0.0
2016-05-30,0.0,0.0,0.0,0.0,0.0,0.0,0.0,0.0,0.0,0.0,0.0
2016-05-31,0.0,0.0,0.0,0.0,0.0,0.0,0.0,0.0,0.0,0.0,0.0
2016-06-01,0.0,0.0,0.0,0.0,0.0,0.0,0.0,0.0,0.0,0.0,0.0
2016-06-02,6.0,9.0,12.0,13.0,21.0,32.0,35.0,39.0,42.0,42.0,42.0
2016-06-03,0.0,0.0,0.0,0.0,0.0,0.0,0.0,0.0,3.0,17.0,42.0
2016-06-04,0.0,0.0,0.0,0.0,0.0,0.0,0.0,0.0,0.0,0.0,0.0
2016-06-05,31.0,56.0,70.0,92.0,139.0,143.0,165.0,252.0,283.0,283.0,283.0
2016-06-06,15.0,18.0,22.0,25.0,25.0,25.0,25.0,25.0,87.0,252.0,315.0
2016-06-07,2.0,2.0,2.0,2.0,2.0,2.0,2.0,2.0,2.0,2.0,32.0
2016-06-08,4.0,4.0,6.0,6.0,6.0,6.0,6.0,6.0,6.0,6.0,10.0
2016-06-09,0.0,0.0,0.0,0.0,2.0,6.0,6.0,6.0,6.0,6.0,8.0
2016-06-10,0.0,0.0,0.0,0.0,0.0,0.0,0.0,0.0,0.0,0.0,0.0
2016-06-11,0.0,0.0,0.0,0.0,0.0,0.0,0.0,0.0,0.0,0.0,0.0
2016-06-12,0.0,0.0,0.0,0.0,0.0,0.0,0.0,0.0,0.0,0.0,0.0
2016-06-13,13.0,21.0,25.0,25.0,44.0,44.0,44.0,44.0,44.0,44.0,44.0
2016-06-14,0.0,0.0,0.0,0.0,0.0,0.0,0.0,44.0,44.0,44.0,44.0
2016-06-15,0.0,0.0,0.0,0.0,0.0,0.0,0.0,0.0,0.0,0.0,0.0
2016-06-16,0.0,0.0,0.0,0.0,0.0,0.0,0.0,0.0,0.0,0.0,0.0
2016-06-17,0.0,0.0,0.0,0.0,0.0,0.0,0.0,0.0,0.0,0.0,0.0
2016-06-18,2.0,2.0,2.0,2.0,2.0,2.0,2.0,2.0,2.0,2.0,2.0
2016-06-19,0.0,0.0,0.0,0.0,0.0,0.0,0.0,0.0,0.0,0.0,2.0
2016-06-20,0.0,0.0,0.0,0.0,0.0,0.0,0.0,0.0,0.0,0.0,0.0
2016-06-21,0.0,0.0,0.0,0.0,0.0,0.0,0.0,0.0,0.0,0.0,0.0
2016-06-22,18.0,33.0,44.0,58.0,69.0,69.0,69.0,69.0,69.0,69.0,69.0
2016-06-23,0.0,0.0,0.0,0.0,0.0,0.0,0.0,0.0,0.0,0.0,69.0
2016-06-24,0.0,0.0,0.0,0.0,0.0,0.0,0.0,0.0,0.0,0.0,0.0
2016-06-25,0.0,0.0,0.0,0.0,0.0,0.0,0.0,0.0,0.0,0.0,0.0
2016-06-26,0.0,0.0,0.0,0.0,0.0,0.0,0.0,0.0,0.0,0.0,0.0
2016-06-27,13.0,19.0,23.0,23.0,23.0,23.0,23.0,23.0,23.0,23.0,23.0
2016-06-28,17.0,34.0,37.0,37.0,37.0,40.0,70.0,70.0,70.0,70.0,78.0
2016-06-29,5.0,8.0,10.0,10.0,10.0,37.0,37.0,70.0,70.0,70.0,80.0
2016-06-30,0.0,0.0,0.0,0.0,0.0,0.0,0.0,0.0,10.0,10.0,10.0
2016-07-01,15.0,26.0,32.0,32.0,38.0,38.0,38.0,38.0,38.0,38.0,38.0
2016-07-02,0.0,0.0,0.0,0.0,0.0,0.0,0.0,6.0,38.0,38.0,38.0
2016-07-03,9.0,13.0,13.0,13.0,13.0,13.0,13.0,13.0,13.0,13.0,13.0
2016-07-04,0.0,0.0,0.0,0.0,0.0,0.0,13.0,13.0,13.0,13.0,13.0
2016-07-05,0.0,0.0,0.0,0.0,0.0,0.0,0.0,0.0,0.0,0.0,0.0
2016-07-06,0.0,0.0,0.0,0.0,0.0,0.0,0.0,0.0,0.0,0.0,0.0
2016-07-07,0.0,0.0,0.0,0.0,0.0,0.0,0.0,0.0,0.0,0.0,0.0
2016-07-08,0.0,0.0,0.0,0.0,0.0,0.0,0.0,0.0,0.0,0.0,0.0
2016-07-09,17.0,33.0,45.0,54.0,64.0,72.0,95.0,95.0,116.0,159.0,159.0
2016-07-10,8.0,8.0,8.0,8.0,8.0,8.0,8.0,8.0,8.0,76.0,159.0
2016-07-11,0.0,0.0,0.0,0.0,0.0,0.0,0.0,0.0,0.0,0.0,8.0
2016-07-12,0.0,0.0,0.0,0.0,0.0,0.0,0.0,0.0,0.0,0.0,0.0
2016-07-13,0.0,0.0,0.0,0.0,0.0,0.0,0.0,0.0,0.0,0.0,0.0
2016-07-14,41.0,56.0,56.0,56.0,56.0,56.0,56.0,56.0,56.0,56.0,56.0
2016-07-15,4.0,8.0,8.0,8.0,8.0,8.0,8.0,8.0,8.0,64.0,64.0
2016-07-16,7.0,7.0,7.0,7.0,7.0,7.0,7.0,7.0,7.0,7.0,7.0
2016-07-17,0.0,0.0,0.0,0.0,0.0,0.0,0.0,0.0,0.0,0.0,7.0
2016-07-18,67.0,128.0,128.0,128.0,128.0,128.0,128.0,128.0,128.0,160.0,160.0
2016-07-19,2.0,2.0,2.0,2.0,2.0,2.0,2.0,2.0,2.0,128.0,160.0
2016-07-20,0.0,0.0,0.0,0.0,0.0,0.0,0.0,0.0,0.0,0.0,2.0
2016-07-21,0.0,0.0,0.0,0.0,0.0,0.0,0.0,0.0,0.0,0.0,0.0
2016-07-22,15.0,30.0,30.0,30.0,30.0,30.0,30.0,30.0,30.0,30.0,30.0
2016-07-23,59.0,88.0,96.0,104.0,161.0,173.0,173.0,173.0,173.0,173.0,173.0
2016-07-24,0.0,0.0,0.0,0.0,0.0,0.0,0.0,0.0,0.0,173.0,173.0
2016-07-25,20.0,23.0,23.0,23.0,23.0,23.0,37.0,37.0,37.0,48.0,48.0
2016-07-26,0.0,0.0,0.0,0.0,0.0,0.0,14.0,14.0,37.0,37.0,48.0
2016-07-27,0.0,0.0,0.0,0.0,0.0,0.0,0.0,0.0,0.0,0.0,0.0
2016-07-28,0.0,0.0,0.0,0.0,0.0,0.0,0.0,0.0,0.0,0.0,0.0
2016-07-29,0.0,0.0,0.0,0.0,0.0,0.0,0.0,0.0,0.0,0.0,0.0
2016-07-30,2.0,2.0,2.0,2.0,2.0,2.0,2.0,2.0,2.0,2.0,2.0
2016-07-31,0.0,0.0,2.0,2.0,2.0,2.0,2.0,2.0,2.0,2.0,2.0
2016-08-01,0.0,0.0,0.0,0.0,0.0,0.0,0.0,0.0,0.0,0.0,0.0
2016-08-02,0.0,0.0,0.0,0.0,0.0,0.0,0.0,0.0,0.0,0.0,0.0
2016-08-03,0.0,0.0,0.0,0.0,0.0,0.0,0.0,0.0,0.0,0.0,0.0
2016-08-04,0.0,0.0,0.0,0.0,0.0,0.0,0.0,0.0,0.0,0.0,0.0
2016-08-05,0.0,0.0,0.0,0.0,0.0,0.0,0.0,0.0,0.0,0.0,0.0
2016-08-06,0.0,0.0,0.0,0.0,0.0,0.0,0.0,0.0,0.0,0.0,0.0
2016-08-07,0.0,0.0,0.0,0.0,0.0,0.0,0.0,0.0,0.0,0.0,0.0
2016-08-08,0.0,0.0,0.0,0.0,0.0,0.0,0.0,0.0,0.0,0.0,0.0
2016-08-09,0.0,0.0,0.0,0.0,0.0,0.0,0.0,0.0,0.0,0.0,0.0
2016-08-10,0.0,0.0,0.0,0.0,0.0,0.0,0.0,0.0,0.0,0.0,0.0
2016-08-11,0.0,0.0,0.0,0.0,0.0,0.0,0.0,0.0,0.0,0.0,0.0
2016-08-12,11.0,15.0,21.0,21.0,21.0,21.0,21.0,21.0,21.0,21.0,21.0
2016-08-13,74.0,95.0,95.0,95.0,104.0,118.0,127.0,184.0,184.0,203.0,262.0
2016-08-14,31.0,61.0,75.0,85.0,127.0,151.0,208.0,272.0,326.0,399.0,463.0
2016-08-15,0.0,0.0,0.0,0.0,0.0,0.0,0.0,0.0,0.0,0.0,222.0
2016-08-16,79.0,144.0,197.0,220.0,356.0,501.0,565.0,620.0,674.0,700.0,700.0
2016-08-17,6.0,6.0,16.0,43.0,56.0,76.0,195.0,534.0,671.0,709.0,711.0
2016-08-18,0.0,0.0,0.0,0.0,0.0,0.0,0.0,0.0,0.0,0.0,11.0
2016-08-19,0.0,0.0,0.0,0.0,0.0,0.0,0.0,0.0,0.0,0.0,0.0
2016-08-20,0.0,0.0,0.0,0.0,0.0,0.0,0.0,0.0,0.0,0.0,0.0
2016-08-21,18.0,32.0,47.0,62.0,102.0,123.0,144.0,163.0,163.0,163.0,163.0
2016-08-22,0.0,0.0,0.0,0.0,0.0,0.0,0.0,0.0,64.0,163.0,163.0
2016-08-23,0.0,0.0,0.0,0.0,0.0,0.0,0.0,0.0,0.0,0.0,0.0
2016-08-24,0.0,0.0,0.0,0.0,0.0,0.0,0.0,0.0,0.0,0.0,0.0
2016-08-25,4.0,4.0,4.0,6.0,6.0,6.0,6.0,6.0,6.0,6.0,6.0
2016-08-26,0.0,0.0,0.0,0.0,0.0,0.0,0.0,0.0,0.0,6.0,6.0
2016-08-27,0.0,0.0,0.0,0.0,0.0,0.0,0.0,0.0,0.0,0.0,0.0
2016-08-28,0.0,0.0,0.0,0.0,0.0,0.0,0.0,0.0,0.0,0.0,0.0
2016-08-29,0.0,0.0,0.0,0.0,0.0,0.0,0.0,0.0,0.0,0.0,0.0
2016-08-30,0.0,0.0,0.0,0.0,0.0,0.0,0.0,0.0,0.0,0.0,0.0
2016-08-31,60.0,73.0,73.0,73.0,73.0,73.0,73.0,73.0,73.0,73.0,73.0
2016-09-01,0.0,0.0,0.0,0.0,0.0,0.0,0.0,0.0,0.0,0.0,73.0
2016-09-02,0.0,0.0,0.0,0.0,0.0,0.0,0.0,0.0,0.0,0.0,0.0
2016-09-03,0.0,0.0,0.0,0.0,0.0,0.0,0.0,0.0,0.0,0.0,0.0
2016-09-04,0.0,0.0,0.0,0.0,0.0,0.0,0.0,0.0,0.0,0.0,0.0
2016-09-05,0.0,0.0,0.0,0.0,0.0,0.0,0.0,0.0,0.0,0.0,0.0
2016-09-06,0.0,0.0,0.0,0.0,0.0,0.0,0.0,0.0,0.0,0.0,0.0
2016-09-07,2.0,2.0,2.0,2.0,2.0,2.0,2.0,2.0,2.0,2.0,2.0
2016-09-08,52.0,69.0,69.0,69.0,79.0,84.0,92.0,92.0,92.0,92.0,109.0
2016-09-09,0.0,0.0,0.0,0.0,0.0,0.0,0.0,8.0,79.0,92.0,107.0
2016-09-10,0.0,0.0,0.0,0.0,0.0,0.0,0.0,0.0,0.0,0.0,0.0
2016-09-11,28.0,28.0,28.0,48.0,48.0,48.0,48.0,54.0,54.0,54.0,54.0
2016-09-12,0.0,0.0,0.0,0.0,0.0,0.0,0.0,0.0,0.0,0.0,54.0
2016-09-13,0.0,0.0,0.0,0.0,0.0,0.0,0.0,0.0,0.0,0.0,0.0
2016-09-14,0.0,0.0,0.0,0.0,0.0,0.0,0.0,0.0,0.0,0.0,0.0
2016-09-17,4.0,4.0,4.0,4.0,4.0,4.0,4.0,6.0,6.0,6.0,6.0
2016-09-18,7.0,7.0,7.0,7.0,9.0,13.0,15.0,17.0,17.0,21.0,21.0
2016-09-21,0.0,0.0,0.0,0.0,0.0,0.0,0.0,0.0,0.0,0.0,0.0
2016-09-22,3.0,3.0,3.0,5.0,5.0,5.0,5.0,5.0,5.0,5.0,5.0
2016-09-23,4.0,7.0,10.0,12.0,14.0,14.0,14.0,18.0,18.0,25.0,25.0
2016-09-24,0.0,0.0,0.0,0.0,0.0,0.0,0.0,0.0,0.0,0.0,18.0
2016-09-25,0.0,0.0,0.0,0.0,0.0,0.0,0.0,0.0,0.0,0.0,0.0
2016-09-26,0.0,0.0,0.0,0.0,0.0,0.0,0.0,0.0,0.0,0.0,0.0
2016-09-27,6.0,10.0,11.0,15.0,23.0,28.0,28.0,28.0,28.0,28.0,28.0
2016-09-28,0.0,0.0,0.0,0.0,0.0,0.0,0.0,0.0,0.0,0.0,28.0
2016-09-29,0.0,0.0,0.0,0.0,0.0,0.0,0.0,0.0,0.0,0.0,0.0
2016-09-30,0.0,0.0,0.0,0.0,0.0,0.0,0.0,0.0,0.0,0.0,0.0
2016-10-01,0.0,0.0,0.0,0.0,0.0,0.0,0.0,0.0,0.0,0.0,0.0
2016-10-02,3.0,5.0,5.0,5.0,7.0,7.0,7.0,7.0,7.0,7.0,7.0
2016-10-03,0.0,0.0,0.0,0.0,0.0,0.0,0.0,0.0,2.0,7.0,7.0
2016-10-04,0.0,0.0,0.0,0.0,0.0,0.0,0.0,0.0,0.0,0.0,0.0
2016-10-05,0.0,0.0,0.0,0.0,0.0,0.0,0.0,0.0,0.0,0.0,0.0
2016-10-06,0.0,0.0,0.0,0.0,0.0,0.0,0.0,0.0,0.0,0.0,0.0
2016-10-07,0.0,0.0,0.0,0.0,0.0,0.0,0.0,0.0,0.0,0.0,0.0
2016-10-08,27.0,47.0,60.0,66.0,92.0,96.0,105.0,142.0,161.0,164.0,164.0
2016-10-09,0.0,0.0,0.0,0.0,0.0,0.0,0.0,0.0,5.0,102.0,164.0
2016-10-10,0.0,0.0,0.0,0.0,0.0,0.0,0.0,0.0,0.0,0.0,0.0
2016-10-11,0.0,0.0,0.0,0.0,0.0,0.0,0.0,0.0,0.0,0.0,0.0
2016-10-14,2.0,2.0,2.0,2.0,2.0,2.0,2.0,2.0,2.0,7.0,65.0
2016-10-15,0.0,0.0,0.0,0.0,0.0,0.0,0.0,0.0,0.0,0.0,2.0
2016-10-16,23.0,41.0,49.0,58.0,71.0,73.0,91.0,104.0,104.0,121.0,121.0
2016-10-17,0.0,0.0,0.0,0.0,0.0,0.0,0.0,17.0,17.0,50.0,121.0
2016-10-18,11.0,16.0,16.0,19.0,31.0,31.0,31.0,31.0,31.0,31.0,50.0
2016-10-19,0.0,0.0,0.0,0.0,0.0,13.0,13.0,19.0,19.0,19.0,50.0
2016-10-20,14.0,27.0,38.0,49.0,90.0,120.0,150.0,181.0,190.0,199.0,199.0
2016-10-21,16.0,29.0,43.0,50.0,85.0,123.0,153.0,229.0,288.0,376.0,544.0
2016-10-22,16.0,24.0,35.0,43.0,69.0,83.0,92.0,119.0,127.0,189.0,354.0
2016-10-23,5.0,9.0,13.0,17.0,35.0,53.0,69.0,116.0,149.0,176.0,306.0
2016-10-24,0.0,0.0,0.0,0.0,0.0,0.0,0.0,0.0,0.0,0.0,46.0
2016-10-25,0.0,0.0,0.0,0.0,0.0,0.0,0.0,0.0,0.0,0.0,0.0
2016-10-26,0.0,0.0,0.0,0.0,0.0,0.0,0.0,0.0,0.0,0.0,0.0
2016-10-27,13.0,22.0,29.0,34.0,55.0,65.0,82.0,115.0,123.0,123.0,123.0
2016-10-28,7.0,13.0,19.0,25.0,44.0,60.0,76.0,112.0,154.0,175.0,184.0
2016-10-29,9.0,14.0,17.0,19.0,29.0,35.0,40.0,40.0,42.0,54.0,62.0
2016-10-30,0.0,0.0,0.0,0.0,0.0,0.0,0.0,0.0,8.0,15.0,62.0
2016-10-31,0.0,0.0,0.0,0.0,0.0,0.0,0.0,0.0,0.0,0.0,0.0
2017-05-01,71.0,92.0,104.0,108.0,113.0,118.0,126.0,162.0,234.0,294.0,455.0
2017-05-02,0.0,0.0,3.0,5.0,7.0,26.0,120.0,125.0,137.0,160.0,450.0
2017-05-03,0.0,0.0,0.0,0.0,0.0,0.0,0.0,0.0,0.0,0.0,0.0
2017-05-04,0.0,0.0,0.0,0.0,0.0,0.0,0.0,0.0,0.0,0.0,0.0
2017-05-05,22.0,29.0,38.0,42.0,49.0,78.0,83.0,92.0,119.0,145.0,195.0
2017-05-06,37.0,47.0,47.0,47.0,51.0,51.0,51.0,78.0,112.0,147.0,241.0
2017-05-07,7.0,12.0,16.0,20.0,30.0,35.0,37.0,46.0,69.0,72.0,115.0
2017-05-08,2.0,2.0,2.0,2.0,2.0,2.0,2.0,2.0,2.0,2.0,74.0
2017-05-09,0.0,0.0,0.0,0.0,0.0,0.0,0.0,0.0,0.0,0.0,2.0
2017-05-10,0.0,0.0,0.0,0.0,0.0,0.0,0.0,0.0,0.0,0.0,0.0
2017-05-11,0.0,0.0,0.0,0.0,0.0,0.0,0.0,0.0,0.0,0.0,0.0
2017-05-12,0.0,0.0,0.0,0.0,0.0,0.0,0.0,0.0,0.0,0.0,0.0
2017-05-13,3.0,6.0,8.0,8.0,10.0,10.0,10.0,10.0,10.0,10.0,10.0
2017-05-14,4.0,4.0,7.0,7.0,12.0,14.0,15.0,20.0,27.0,29.0,43.0
2017-05-15,2.0,2.0,4.0,4.0,4.0,4.0,4.0,4.0,4.0,13.0,37.0
2017-05-16,0.0,0.0,0.0,0.0,0.0,0.0,0.0,0.0,0.0,0.0,2.0
2017-05-17,0.0,0.0,0.0,0.0,0.0,0.0,0.0,0.0,0.0,0.0,0.0
2017-05-18,2.0,2.0,2.0,2.0,2.0,2.0,2.0,2.0,2.0,2.0,2.0
2017-05-19,2.0,2.0,2.0,2.0,2.0,2.0,2.0,2.0,2.0,2.0,2.0
2017-05-20,0.0,0.0,0.0,0.0,0.0,0.0,0.0,0.0,0.0,0.0,2.0
2017-05-21,0.0,0.0,0.0,0.0,0.0,0.0,0.0,0.0,0.0,0.0,0.0
2017-05-22,9.0,14.0,14.0,14.0,23.0,31.0,37.0,49.0,64.0,74.0,83.0
2017-05-23,0.0,0.0,0.0,0.0,0.0,0.0,0.0,0.0,5.0,10.0,79.0
2017-05-24,0.0,0.0,0.0,0.0,0.0,0.0,0.0,0.0,0.0,0.0,0.0
2017-05-25,11.0,21.0,32.0,41.0,58.0,66.0,71.0,83.0,83.0,83.0,83.0
2017-05-26,6.0,11.0,11.0,11.0,16.0,23.0,49.0,83.0,94.0,99.0,108.0
2017-05-27,0.0,0.0,0.0,0.0,0.0,0.0,0.0,0.0,0.0,3.0,25.0
2017-05-28,0.0,0.0,0.0,0.0,0.0,0.0,0.0,0.0,0.0,0.0,0.0
2017-05-29,8.0,14.0,21.0,27.0,44.0,54.0,62.0,64.0,64.0,64.0,64.0
2017-05-30,24.0,37.0,43.0,47.0,54.0,56.0,56.0,63.0,65.0,83.0,111.0
2017-05-31,13.0,13.0,13.0,13.0,13.0,18.0,20.0,27.0,27.0,83.0,96.0
2017-06-01,0.0,0.0,0.0,0.0,0.0,0.0,0.0,0.0,0.0,0.0,13.0
2017-06-02,9.0,16.0,22.0,26.0,28.0,33.0,35.0,38.0,38.0,41.0,46.0
2017-06-03,0.0,0.0,0.0,0.0,3.0,5.0,8.0,8.0,8.0,15.0,46.0
2017-06-04,0.0,0.0,0.0,0.0,0.0,0.0,0.0,0.0,0.0,0.0,0.0
2017-06-05,24.0,44.0,54.0,61.0,81.0,116.0,158.0,217.0,259.0,359.0,373.0
2017-06-06,16.0,24.0,31.0,39.0,62.0,85.0,103.0,178.0,234.0,355.0,500.0
2017-06-07,0.0,0.0,0.0,0.0,0.0,0.0,0.0,0.0,0.0,0.0,127.0
2017-06-08,2.0,2.0,2.0,2.0,2.0,2.0,2.0,2.0,2.0,2.0,2.0
2017-06-09,2.0,2.0,2.0,2.0,2.0,2.0,2.0,4.0,4.0,4.0,4.0
2017-06-10,2.0,2.0,2.0,2.0,2.0,2.0,2.0,2.0,2.0,2.0,2.0
2017-06-11,0.0,0.0,0.0,0.0,0.0,0.0,0.0,0.0,0.0,0.0,2.0
2017-06-12,20.0,20.0,20.0,20.0,20.0,20.0,22.0,22.0,22.0,22.0,22.0
2017-06-13,0.0,0.0,0.0,0.0,0.0,0.0,0.0,0.0,0.0,0.0,22.0
2017-06-14,0.0,0.0,0.0,0.0,0.0,0.0,0.0,0.0,0.0,0.0,0.0
2017-06-15,0.0,0.0,0.0,0.0,0.0,0.0,0.0,0.0,0.0,0.0,0.0
2017-06-18,0.0,0.0,0.0,0.0,0.0,0.0,0.0,0.0,0.0,0.0,0.0
2017-06-19,5.0,5.0,5.0,5.0,5.0,5.0,5.0,5.0,5.0,5.0,5.0
2017-06-20,72.0,87.0,87.0,87.0,148.0,162.0,162.0,162.0,162.0,162.0,162.0
2017-06-21,0.0,0.0,0.0,0.0,0.0,0.0,0.0,0.0,0.0,0.0,162.0
2017-06-22,0.0,0.0,0.0,0.0,0.0,0.0,0.0,0.0,0.0,0.0,0.0
2017-06-23,16.0,22.0,25.0,28.0,51.0,55.0,60.0,60.0,67.0,86.0,116.0
2017-06-24,0.0,0.0,0.0,0.0,0.0,0.0,16.0,30.0,30.0,30.0,116.0
2017-06-25,0.0,0.0,0.0,0.0,0.0,0.0,0.0,0.0,0.0,0.0,0.0
2017-06-26,8.0,15.0,15.0,15.0,15.0,15.0,15.0,15.0,15.0,15.0,15.0
2017-06-27,7.0,14.0,14.0,14.0,14.0,14.0,14.0,14.0,14.0,14.0,15.0
2017-06-28,0.0,0.0,0.0,0.0,0.0,0.0,0.0,0.0,0.0,14.0,14.0
2017-06-29,6.0,8.0,10.0,13.0,19.0,24.0,28.0,32.0,32.0,32.0,32.0
2017-06-30,45.0,52.0,52.0,52.0,52.0,54.0,57.0,57.0,57.0,57.0,89.0
2017-07-01,24.0,24.0,24.0,24.0,27.0,27.0,27.0,27.0,27.0,57.0,66.0
2017-07-02,0.0,0.0,3.0,3.0,27.0,27.0,27.0,27.0,27.0,43.0,52.0
2017-07-03,0.0,0.0,0.0,0.0,0.0,0.0,0.0,0.0,0.0,0.0,0.0
2017-07-04,0.0,0.0,0.0,0.0,0.0,0.0,0.0,0.0,0.0,0.0,0.0
2017-07-05,0.0,0.0,0.0,0.0,0.0,0.0,0.0,0.0,0.0,0.0,0.0
2017-07-06,0.0,0.0,0.0,0.0,0.0,0.0,0.0,0.0,0.0,0.0,0.0
2017-07-07,81.0,92.0,97.0,97.0,100.0,100.0,100.0,100.0,100.0,100.0,100.0
2017-07-08,128.0,149.0,152.0,162.0,177.0,177.0,177.0,177.0,185.0,207.0,207.0
2017-07-09,2.0,2.0,2.0,2.0,2.0,2.0,2.0,2.0,2.0,30.0,207.0
2017-07-10,8.0,14.0,17.0,20.0,22.0,22.0,22.0,22.0,24.0,24.0,24.0
2017-07-11,0.0,0.0,0.0,0.0,0.0,0.0,0.0,0.0,0.0,0.0,22.0
2017-07-14,14.0,28.0,36.0,45.0,60.0,60.0,60.0,60.0,60.0,77.0,77.0
2017-07-15,9.0,17.0,17.0,17.0,26.0,26.0,26.0,26.0,28.0,86.0,88.0
2017-07-16,4.0,4.0,4.0,4.0,4.0,7.0,7.0,7.0,7.0,7.0,7.0
2017-07-17,10.0,17.0,21.0,21.0,21.0,24.0,24.0,24.0,24.0,38.0,41.0
2017-07-18,0.0,0.0,0.0,0.0,0.0,0.0,0.0,0.0,0.0,0.0,24.0
2017-07-19,41.0,75.0,75.0,75.0,75.0,75.0,75.0,75.0,75.0,75.0,75.0
2017-07-20,47.0,80.0,84.0,84.0,86.0,86.0,86.0,86.0,86.0,88.0,163.0
2017-07-21,0.0,0.0,0.0,0.0,0.0,0.0,0.0,0.0,0.0,86.0,88.0
2017-07-22,0.0,0.0,0.0,0.0,0.0,0.0,0.0,0.0,0.0,0.0,0.0
2017-07-23,0.0,0.0,0.0,0.0,0.0,0.0,0.0,0.0,0.0,0.0,0.0
2017-07-24,8.0,14.0,20.0,25.0,45.0,55.0,73.0,100.0,106.0,146.0,146.0
2017-07-25,3.0,3.0,7.0,7.0,19.0,34.0,39.0,46.0,71.0,142.0,161.0
2017-07-26,0.0,0.0,0.0,0.0,0.0,0.0,0.0,0.0,0.0,0.0,13.0
2017-07-27,0.0,0.0,0.0,0.0,0.0,0.0,0.0,0.0,0.0,0.0,0.0
2017-07-28,0.0,0.0,0.0,0.0,0.0,0.0,0.0,0.0,0.0,0.0,0.0
2017-07-29,0.0,0.0,0.0,0.0,0.0,0.0,0.0,0.0,0.0,0.0,0.0
2017-07-30,0.0,0.0,0.0,0.0,0.0,0.0,0.0,0.0,0.0,0.0,0.0
2017-07-31,243.0,335.0,367.0,367.0,367.0,367.0,367.0,367.0,367.0,367.0,367.0
2017-08-01,0.0,0.0,0.0,0.0,0.0,0.0,0.0,0.0,367.0,367.0,367.0
2017-08-02,0.0,0.0,0.0,0.0,0.0,0.0,0.0,0.0,0.0,0.0,0.0
2017-08-03,0.0,0.0,0.0,0.0,0.0,0.0,0.0,0.0,0.0,0.0,0.0
2017-08-04,174.0,269.0,279.0,279.0,284.0,284.0,284.0,284.0,289.0,306.0,306.0
2017-08-05,25.0,34.0,41.0,58.0,65.0,65.0,65.0,84.0,97.0,322.0,421.0
2017-08-06,0.0,0.0,0.0,0.0,0.0,2.0,6.0,6.0,6.0,6.0,116.0
2017-08-09,0.0,0.0,0.0,0.0,0.0,0.0,0.0,0.0,0.0,0.0,2.0
2017-08-10,0.0,0.0,0.0,0.0,0.0,0.0,0.0,0.0,0.0,0.0,0.0
2017-08-11,0.0,0.0,0.0,0.0,0.0,0.0,0.0,0.0,0.0,0.0,0.0
2017-08-12,15.0,23.0,31.0,31.0,40.0,43.0,43.0,55.0,55.0,55.0,55.0
2017-08-13,6.0,6.0,6.0,6.0,6.0,6.0,6.0,6.0,6.0,6.0,61.0
2017-08-14,0.0,0.0,0.0,0.0,0.0,0.0,0.0,0.0,0.0,0.0,6.0
2017-08-15,47.0,52.0,57.0,59.0,67.0,69.0,69.0,69.0,69.0,69.0,69.0
2017-08-16,0.0,0.0,0.0,0.0,0.0,0.0,0.0,0.0,0.0,0.0,69.0
2017-08-17,0.0,0.0,0.0,0.0,0.0,0.0,0.0,0.0,0.0,0.0,0.0
2017-08-18,26.0,49.0,67.0,79.0,134.0,175.0,180.0,180.0,180.0,180.0,180.0
2017-08-19,0.0,0.0,0.0,0.0,0.0,0.0,0.0,0.0,0.0,0.0,180.0
2017-08-20,0.0,0.0,0.0,0.0,0.0,0.0,0.0,0.0,0.0,0.0,0.0
2017-08-21,0.0,0.0,0.0,0.0,0.0,0.0,0.0,0.0,0.0,0.0,0.0
2017-08-22,47.0,66.0,68.0,68.0,68.0,70.0,72.0,83.0,87.0,87.0,87.0
2017-08-23,0.0,0.0,0.0,0.0,0.0,0.0,0.0,15.0,15.0,87.0,87.0
2017-08-24,0.0,0.0,0.0,0.0,0.0,0.0,0.0,0.0,0.0,0.0,0.0
2017-08-25,0.0,0.0,0.0,0.0,0.0,0.0,0.0,0.0,0.0,0.0,0.0
2017-08-26,0.0,0.0,0.0,0.0,0.0,0.0,0.0,0.0,0.0,0.0,0.0
2017-08-27,0.0,0.0,0.0,0.0,0.0,0.0,0.0,0.0,0.0,0.0,0.0
2017-08-28,0.0,0.0,0.0,0.0,0.0,0.0,0.0,0.0,0.0,0.0,0.0
2017-08-29,0.0,0.0,0.0,0.0,0.0,0.0,0.0,0.0,0.0,0.0,0.0
2017-08-30,0.0,0.0,0.0,0.0,0.0,0.0,0.0,0.0,0.0,0.0,0.0
2017-08-31,3.0,3.0,3.0,3.0,3.0,5.0,5.0,5.0,5.0,5.0,5.0
2017-09-01,0.0,0.0,0.0,0.0,0.0,0.0,0.0,0.0,0.0,0.0,5.0
2017-09-02,0.0,0.0,0.0,0.0,0.0,0.0,0.0,0.0,0.0,0.0,0.0
2017-09-03,14.0,24.0,32.0,39.0,57.0,87.0,98.0,144.0,156.0,225.0,236.0
2017-09-04,7.0,13.0,16.0,16.0,16.0,16.0,16.0,26.0,72.0,129.0,236.0
2017-09-05,4.0,4.0,4.0,4.0,6.0,6.0,16.0,16.0,18.0,22.0,22.0
2017-09-06,0.0,0.0,0.0,0.0,0.0,0.0,0.0,0.0,0.0,0.0,6.0
2017-09-07,59.0,94.0,109.0,124.0,128.0,128.0,128.0,133.0,138.0,153.0,167.0
2017-09-08,3.0,3.0,3.0,3.0,4.0,7.0,7.0,7.0,10.0,14.0,167.0
2017-09-09,3.0,3.0,3.0,3.0,3.0,3.0,3.0,3.0,3.0,3.0,6.0
2017-09-10,0.0,0.0,0.0,0.0,0.0,0.0,0.0,0.0,0.0,0.0,3.0
2017-09-11,0.0,0.0,0.0,0.0,0.0,0.0,0.0,0.0,0.0,0.0,0.0
2017-09-12,0.0,0.0,0.0,0.0,0.0,0.0,0.0,0.0,0.0,0.0,0.0
2017-09-13,0.0,0.0,0.0,0.0,0.0,0.0,0.0,0.0,0.0,0.0,0.0
2017-09-14,0.0,0.0,0.0,0.0,0.0,0.0,0.0,0.0,0.0,0.0,0.0
2017-09-15,0.0,0.0,0.0,0.0,0.0,0.0,0.0,0.0,0.0,0.0,0.0
2017-09-16,2.0,2.0,2.0,2.0,2.0,2.0,2.0,2.0,2.0,2.0,2.0
2017-09-17,0.0,0.0,0.0,0.0,0.0,0.0,0.0,0.0,0.0,0.0,2.0
2017-09-18,0.0,0.0,0.0,0.0,0.0,0.0,0.0,0.0,0.0,0.0,0.0
2017-09-19,0.0,0.0,0.0,0.0,0.0,0.0,0.0,0.0,0.0,0.0,0.0
2017-09-20,0.0,0.0,0.0,0.0,0.0,0.0,0.0,0.0,0.0,0.0,0.0
2017-09-21,0.0,0.0,0.0,0.0,0.0,0.0,0.0,0.0,0.0,0.0,0.0
2017-09-22,0.0,0.0,0.0,0.0,0.0,0.0,0.0,0.0,0.0,0.0,0.0
2017-09-23,0.0,0.0,0.0,0.0,0.0,0.0,0.0,0.0,0.0,0.0,0.0
2017-09-24,0.0,0.0,0.0,0.0,0.0,0.0,0.0,0.0,0.0,0.0,0.0
2017-09-25,0.0,0.0,0.0,0.0,0.0,0.0,0.0,0.0,0.0,0.0,0.0
2017-09-26,0.0,0.0,0.0,0.0,0.0,0.0,0.0,0.0,0.0,0.0,0.0
2017-09-27,35.0,50.0,50.0,50.0,50.0,50.0,50.0,50.0,50.0,50.0,50.0
2017-09-28,0.0,0.0,0.0,0.0,0.0,0.0,0.0,0.0,50.0,50.0,50.0
2017-09-29,0.0,0.0,0.0,0.0,0.0,0.0,0.0,0.0,0.0,0.0,0.0
2017-09-30,0.0,0.0,0.0,0.0,0.0,0.0,0.0,0.0,0.0,0.0,0.0
2017-10-01,0.0,0.0,0.0,0.0,0.0,0.0,0.0,0.0,0.0,0.0,0.0
2017-10-02,0.0,0.0,0.0,0.0,0.0,0.0,0.0,0.0,0.0,0.0,0.0
2017-10-05,0.0,0.0,0.0,0.0,0.0,0.0,21.0,42.0,47.0,47.0,47.0
2017-10-06,0.0,0.0,0.0,0.0,0.0,0.0,0.0,0.0,0.0,0.0,0.0
2017-10-07,10.0,17.0,24.0,31.0,31.0,31.0,31.0,31.0,31.0,31.0,31.0
2017-10-08,11.0,21.0,29.0,38.0,49.0,53.0,53.0,53.0,53.0,53.0,84.0
2017-10-09,26.0,40.0,56.0,72.0,132.0,202.0,244.0,276.0,278.0,280.0,280.0
2017-10-10,0.0,0.0,0.0,0.0,0.0,0.0,0.0,2.0,4.0,175.0,280.0
2017-10-11,0.0,0.0,0.0,0.0,0.0,0.0,0.0,0.0,0.0,0.0,0.0
2017-10-12,0.0,0.0,0.0,0.0,0.0,0.0,0.0,0.0,0.0,0.0,0.0
2017-10-13,0.0,0.0,0.0,0.0,0.0,0.0,0.0,0.0,0.0,0.0,0.0
2017-10-14,0.0,0.0,0.0,0.0,0.0,0.0,0.0,0.0,0.0,0.0,0.0
2017-10-15,20.0,23.0,24.0,31.0,46.0,47.0,49.0,54.0,54.0,54.0,93.0
2017-10-16,0.0,0.0,0.0,0.0,0.0,12.0,16.0,39.0,39.0,39.0,93.0
2017-10-17,0.0,0.0,0.0,0.0,0.0,0.0,0.0,0.0,0.0,0.0,0.0
2017-10-18,0.0,0.0,0.0,0.0,0.0,0.0,0.0,0.0,0.0,0.0,0.0
2017-10-21,0.0,0.0,0.0,0.0,0.0,0.0,0.0,0.0,0.0,0.0,0.0
2017-10-22,0.0,0.0,0.0,0.0,0.0,0.0,0.0,0.0,0.0,0.0,0.0
2017-10-23,0.0,0.0,0.0,0.0,0.0,0.0,0.0,0.0,0.0,0.0,0.0
2017-10-24,50.0,84.0,114.0,139.0,164.0,271.0,291.0,299.0,299.0,299.0,299.0
2017-10-25,0.0,0.0,0.0,0.0,0.0,0.0,0.0,8.0,147.0,299.0,299.0
2017-10-26,4.0,8.0,11.0,13.0,18.0,18.0,18.0,24.0,24.0,24.0,24.0
2017-10-27,0.0,0.0,0.0,0.0,5.0,18.0,18.0,21.0,24.0,24.0,24.0
2017-10-28,0.0,0.0,0.0,0.0,0.0,0.0,0.0,0.0,0.0,0.0,0.0
2017-10-29,14.0,25.0,36.0,46.0,78.0,100.0,115.0,137.0,139.0,165.0,223.0
2017-10-30,6.0,11.0,15.0,17.0,28.0,69.0,100.0,134.0,160.0,170.0,254.0
2017-10-31,0.0,0.0,0.0,0.0,0.0,0.0,0.0,0.0,0.0,0.0,25.0
2018-05-03,21.0,42.0,52.0,58.0,80.0,94.0,106.0,110.0,110.0,126.0,126.0
2018-05-04,31.0,31.0,31.0,31.0,36.0,36.0,38.0,46.0,46.0,110.0,126.0
2018-05-05,0.0,0.0,0.0,0.0,0.0,0.0,0.0,0.0,31.0,46.0,46.0
2018-05-06,0.0,0.0,0.0,0.0,0.0,0.0,0.0,0.0,0.0,0.0,0.0
2018-05-07,0.0,0.0,0.0,0.0,0.0,0.0,0.0,0.0,0.0,0.0,0.0
2018-05-08,0.0,0.0,0.0,0.0,0.0,0.0,0.0,0.0,0.0,0.0,0.0
2018-05-09,0.0,0.0,0.0,0.0,0.0,0.0,0.0,0.0,0.0,0.0,0.0
2018-05-10,0.0,0.0,0.0,0.0,0.0,0.0,0.0,0.0,0.0,0.0,0.0
2018-05-11,0.0,0.0,0.0,0.0,0.0,0.0,0.0,0.0,0.0,0.0,0.0
2018-05-12,0.0,0.0,0.0,0.0,0.0,0.0,0.0,0.0,0.0,0.0,0.0
2018-05-13,0.0,0.0,0.0,0.0,0.0,0.0,0.0,0.0,0.0,0.0,0.0
2018-05-14,0.0,0.0,0.0,0.0,0.0,0.0,0.0,0.0,0.0,0.0,0.0
2018-05-15,3.0,3.0,3.0,3.0,3.0,3.0,3.0,3.0,3.0,3.0,3.0
2018-05-16,0.0,0.0,0.0,0.0,0.0,0.0,0.0,0.0,0.0,3.0,3.0
2018-05-20,45.0,56.0,66.0,73.0,78.0,82.0,90.0,90.0,90.0,113.0,148.0
2018-05-21,0.0,0.0,0.0,0.0,0.0,0.0,0.0,0.0,0.0,0.0,90.0
2018-05-22,7.0,11.0,13.0,13.0,13.0,13.0,13.0,20.0,20.0,20.0,20.0
2018-05-23,0.0,0.0,0.0,0.0,0.0,0.0,0.0,13.0,13.0,20.0,20.0
2018-05-24,0.0,0.0,0.0,0.0,0.0,0.0,0.0,0.0,0.0,0.0,0.0
2018-05-25,0.0,0.0,0.0,0.0,0.0,0.0,0.0,0.0,0.0,0.0,0.0
2018-05-26,44.0,51.0,57.0,57.0,57.0,69.0,74.0,76.0,76.0,79.0,79.0
2018-05-27,2.0,2.0,2.0,2.0,2.0,2.0,2.0,2.0,2.0,2.0,79.0
2018-05-28,9.0,12.0,12.0,12.0,12.0,12.0,12.0,12.0,12.0,12.0,12.0
2018-05-29,0.0,0.0,0.0,0.0,12.0,12.0,12.0,12.0,12.0,12.0,12.0
2018-05-30,0.0,0.0,0.0,0.0,0.0,0.0,0.0,0.0,0.0,0.0,0.0
2018-05-31,0.0,0.0,0.0,0.0,0.0,0.0,0.0,0.0,0.0,0.0,0.0
2018-06-01,0.0,0.0,0.0,0.0,0.0,0.0,0.0,0.0,0.0,0.0,0.0
2018-06-02,0.0,0.0,0.0,0.0,0.0,0.0,0.0,0.0,0.0,0.0,0.0
2018-06-03,0.0,0.0,0.0,0.0,0.0,0.0,0.0,0.0,0.0,0.0,0.0
2018-06-04,13.0,17.0,23.0,28.0,42.0,66.0,77.0,106.0,142.0,210.0,260.0
2018-06-05,0.0,0.0,0.0,0.0,0.0,0.0,2.0,2.0,19.0,44.0,254.0
2018-06-06,0.0,0.0,0.0,0.0,0.0,0.0,0.0,0.0,0.0,0.0,0.0
2018-06-07,0.0,0.0,0.0,0.0,0.0,0.0,0.0,0.0,0.0,0.0,0.0
2018-06-08,0.0,0.0,0.0,0.0,0.0,0.0,0.0,0.0,0.0,0.0,0.0
2018-06-09,0.0,0.0,0.0,0.0,0.0,0.0,0.0,0.0,0.0,0.0,0.0
2018-06-10,0.0,0.0,0.0,0.0,0.0,0.0,0.0,0.0,0.0,0.0,0.0
2018-06-13,8.0,11.0,18.0,18.0,20.0,30.0,32.0,32.0,32.0,32.0,32.0
2018-06-14,19.0,30.0,36.0,41.0,81.0,84.0,84.0,84.0,84.0,113.0,133.0
2018-06-15,0.0,0.0,0.0,0.0,0.0,0.0,0.0,0.0,0.0,17.0,101.0
2018-06-16,0.0,0.0,0.0,0.0,0.0,0.0,0.0,0.0,0.0,0.0,0.0
2018-06-17,0.0,0.0,0.0,0.0,0.0,0.0,0.0,0.0,0.0,0.0,0.0
2018-06-18,53.0,90.0,95.0,95.0,97.0,97.0,123.0,125.0,125.0,184.0,210.0
2018-06-19,0.0,0.0,0.0,0.0,0.0,0.0,2.0,26.0,26.0,26.0,210.0
2018-06-20,0.0,0.0,0.0,0.0,0.0,0.0,0.0,0.0,0.0,0.0,0.0
2018-06-21,0.0,0.0,0.0,0.0,0.0,0.0,0.0,0.0,0.0,0.0,0.0
2018-06-22,0.0,0.0,0.0,0.0,0.0,0.0,0.0,0.0,0.0,0.0,0.0
2018-06-23,8.0,11.0,13.0,13.0,18.0,18.0,18.0,20.0,20.0,20.0,22.0
2018-06-24,9.0,16.0,20.0,20.0,25.0,30.0,30.0,35.0,48.0,48.0,71.0
2018-06-25,0.0,0.0,0.0,0.0,0.0,2.0,2.0,8.0,20.0,28.0,56.0
2018-06-26,0.0,0.0,0.0,0.0,0.0,0.0,0.0,0.0,0.0,0.0,0.0
2018-06-27,4.0,4.0,4.0,4.0,4.0,4.0,4.0,4.0,4.0,4.0,4.0
2018-06-28,3.0,6.0,9.0,11.0,11.0,11.0,11.0,11.0,11.0,11.0,11.0
2018-06-29,0.0,0.0,0.0,0.0,0.0,0.0,0.0,0.0,0.0,0.0,5.0
2018-06-30,48.0,59.0,59.0,59.0,59.0,59.0,59.0,59.0,59.0,59.0,59.0
2018-07-01,0.0,0.0,0.0,0.0,11.0,59.0,59.0,59.0,59.0,59.0,59.0
2018-07-02,0.0,0.0,0.0,0.0,0.0,0.0,0.0,0.0,0.0,0.0,0.0
2018-07-03,0.0,0.0,0.0,0.0,0.0,0.0,0.0,0.0,0.0,0.0,0.0
2018-07-04,0.0,0.0,0.0,0.0,0.0,0.0,0.0,0.0,0.0,0.0,0.0
2018-07-05,0.0,0.0,0.0,0.0,0.0,0.0,0.0,0.0,0.0,0.0,0.0
2018-07-06,0.0,0.0,0.0,0.0,0.0,0.0,0.0,0.0,0.0,0.0,0.0
2018-07-07,0.0,0.0,0.0,0.0,0.0,0.0,0.0,0.0,0.0,0.0,0.0
2018-07-08,0.0,0.0,0.0,0.0,0.0,0.0,0.0,0.0,0.0,0.0,0.0
2018-07-09,0.0,0.0,0.0,0.0,0.0,0.0,0.0,0.0,0.0,0.0,0.0
2018-07-10,0.0,0.0,0.0,0.0,0.0,0.0,0.0,0.0,0.0,0.0,0.0
2018-07-11,0.0,0.0,0.0,0.0,0.0,0.0,0.0,0.0,0.0,0.0,0.0
2018-07-12,0.0,0.0,0.0,0.0,0.0,0.0,0.0,0.0,0.0,0.0,0.0
2018-07-13,0.0,0.0,0.0,0.0,0.0,0.0,0.0,0.0,0.0,0.0,0.0
2018-07-14,0.0,0.0,0.0,0.0,0.0,0.0,0.0,0.0,0.0,0.0,0.0
2018-07-15,0.0,0.0,0.0,0.0,0.0,0.0,0.0,0.0,0.0,0.0,0.0
2018-07-16,0.0,0.0,0.0,0.0,0.0,0.0,0.0,0.0,0.0,0.0,0.0
2018-07-17,128.0,164.0,250.0,303.0,320.0,320.0,320.0,320.0,320.0,320.0,320.0
2018-07-18,0.0,0.0,0.0,0.0,0.0,0.0,0.0,0.0,0.0,0.0,320.0
2018-07-19,0.0,0.0,0.0,0.0,0.0,0.0,0.0,0.0,0.0,0.0,0.0
2018-07-20,0.0,0.0,0.0,0.0,0.0,0.0,0.0,0.0,0.0,0.0,0.0
2018-07-21,0.0,0.0,0.0,0.0,0.0,0.0,0.0,0.0,0.0,0.0,0.0
2018-07-22,6.0,9.0,14.0,18.0,28.0,34.0,34.0,34.0,34.0,34.0,34.0
2018-07-23,0.0,0.0,0.0,0.0,0.0,0.0,0.0,0.0,0.0,20.0,34.0
2018-07-24,0.0,0.0,0.0,0.0,0.0,0.0,0.0,0.0,0.0,0.0,0.0
2018-07-25,89.0,137.0,162.0,169.0,210.0,227.0,248.0,268.0,268.0,281.0,289.0
2018-07-26,86.0,153.0,216.0,222.0,230.0,230.0,230.0,230.0,239.0,271.0,507.0
2018-07-27,0.0,0.0,0.0,0.0,0.0,0.0,0.0,0.0,0.0,230.0,266.0
2018-07-28,12.0,12.0,12.0,12.0,14.0,14.0,14.0,14.0,14.0,14.0,14.0
2018-07-29,0.0,0.0,0.0,0.0,0.0,0.0,2.0,14.0,14.0,14.0,14.0
2018-07-30,0.0,0.0,0.0,0.0,0.0,0.0,0.0,0.0,0.0,0.0,0.0
2018-07-31,0.0,0.0,0.0,0.0,0.0,0.0,0.0,0.0,0.0,0.0,0.0
2018-08-01,23.0,30.0,33.0,33.0,33.0,33.0,33.0,33.0,33.0,33.0,33.0
2018-08-02,3.0,3.0,3.0,3.0,33.0,33.0,36.0,36.0,36.0,36.0,36.0
2018-08-03,0.0,0.0,0.0,0.0,0.0,0.0,0.0,0.0,0.0,0.0,3.0
2018-08-04,5.0,10.0,13.0,17.0,17.0,17.0,17.0,17.0,17.0,17.0,17.0
2018-08-05,0.0,0.0,0.0,0.0,0.0,0.0,0.0,0.0,0.0,13.0,17.0
2018-08-06,39.0,76.0,79.0,79.0,79.0,79.0,89.0,89.0,89.0,89.0,89.0
2018-08-07,4.0,7.0,7.0,7.0,9.0,10.0,10.0,89.0,89.0,89.0,98.0
2018-08-08,7.0,12.0,16.0,19.0,22.0,33.0,35.0,35.0,35.0,35.0,35.0
2018-08-11,0.0,0.0,0.0,0.0,0.0,0.0,0.0,0.0,0.0,0.0,0.0
2018-08-12,0.0,0.0,0.0,0.0,0.0,0.0,0.0,0.0,0.0,0.0,0.0
2018-08-13,0.0,0.0,0.0,0.0,0.0,0.0,0.0,0.0,0.0,0.0,0.0
2018-08-14,39.0,75.0,75.0,75.0,75.0,75.0,75.0,75.0,75.0,75.0,75.0
2018-08-15,6.0,42.0,81.0,81.0,81.0,81.0,81.0,81.0,81.0,81.0,81.0
2018-08-16,0.0,0.0,0.0,0.0,0.0,0.0,0.0,0.0,0.0,0.0,0.0
2018-08-17,5.0,9.0,11.0,13.0,24.0,26.0,26.0,26.0,26.0,26.0,26.0
2018-08-18,0.0,0.0,0.0,0.0,0.0,0.0,0.0,0.0,0.0,26.0,26.0
2018-08-19,0.0,0.0,0.0,0.0,0.0,0.0,0.0,0.0,0.0,0.0,0.0
2018-08-20,0.0,0.0,0.0,0.0,0.0,0.0,0.0,0.0,0.0,0.0,0.0
2018-08-21,2.0,2.0,2.0,2.0,2.0,2.0,2.0,2.0,2.0,2.0,2.0
2018-08-22,2.0,2.0,2.0,2.0,4.0,4.0,4.0,4.0,4.0,6.0,6.0
2018-08-23,2.0,2.0,2.0,2.0,2.0,2.0,2.0,2.0,2.0,2.0,4.0
2018-08-24,0.0,0.0,0.0,0.0,0.0,0.0,0.0,0.0,0.0,0.0,2.0
2018-08-25,0.0,0.0,0.0,0.0,0.0,0.0,0.0,0.0,0.0,0.0,0.0
2018-08-26,67.0,107.0,107.0,107.0,107.0,107.0,107.0,136.0,153.0,153.0,156.0
2018-08-27,2.0,2.0,2.0,2.0,2.0,2.0,2.0,2.0,109.0,109.0,158.0
2018-08-28,44.0,44.0,44.0,44.0,58.0,58.0,58.0,58.0,58.0,58.0,89.0
2018-08-29,10.0,10.0,10.0,13.0,13.0,13.0,13.0,13.0,13.0,60.0,83.0
2018-08-30,2.0,2.0,2.0,2.0,2.0,2.0,2.0,2.0,2.0,13.0,15.0
2018-08-31,0.0,0.0,0.0,0.0,0.0,0.0,0.0,0.0,0.0,0.0,2.0
2018-09-01,0.0,0.0,0.0,0.0,0.0,0.0,0.0,0.0,0.0,0.0,0.0
2018-09-02,32.0,57.0,69.0,69.0,84.0,89.0,89.0,89.0,96.0,96.0,96.0
2018-09-03,29.0,33.0,33.0,33.0,33.0,33.0,39.0,39.0,39.0,39.0,102.0
2018-09-04,2.0,2.0,2.0,2.0,2.0,2.0,2.0,2.0,2.0,35.0,41.0
2018-09-05,5.0,8.0,8.0,8.0,10.0,10.0,10.0,10.0,10.0,10.0,10.0
2018-09-06,0.0,0.0,0.0,0.0,0.0,0.0,0.0,0.0,0.0,0.0,10.0
2018-09-07,0.0,0.0,0.0,0.0,0.0,0.0,0.0,0.0,0.0,0.0,0.0
2018-09-08,0.0,0.0,0.0,0.0,0.0,0.0,0.0,0.0,0.0,0.0,0.0
2018-09-09,0.0,0.0,0.0,0.0,0.0,0.0,0.0,0.0,0.0,0.0,0.0
2018-09-10,31.0,50.0,69.0,78.0,103.0,110.0,114.0,114.0,114.0,114.0,114.0
2018-09-11,26.0,38.0,60.0,70.0,95.0,114.0,177.0,219.0,225.0,238.0,242.0
2018-09-12,0.0,0.0,0.0,0.0,0.0,0.0,0.0,0.0,0.0,0.0,128.0
2018-09-13,0.0,0.0,0.0,0.0,0.0,0.0,0.0,0.0,0.0,0.0,0.0
2018-09-14,0.0,0.0,0.0,0.0,0.0,0.0,0.0,0.0,0.0,0.0,0.0
2018-09-15,0.0,0.0,0.0,0.0,0.0,0.0,0.0,0.0,0.0,0.0,0.0
2018-09-16,0.0,0.0,0.0,0.0,0.0,0.0,0.0,0.0,0.0,0.0,0.0
2018-09-17,0.0,0.0,0.0,0.0,0.0,0.0,0.0,0.0,0.0,0.0,0.0
2018-09-18,2.0,2.0,2.0,2.0,2.0,2.0,2.0,2.0,2.0,2.0,2.0
2018-09-19,2.0,2.0,2.0,2.0,2.0,2.0,2.0,2.0,2.0,2.0,2.0
2018-09-20,0.0,0.0,0.0,0.0,0.0,0.0,0.0,0.0,0.0,0.0,2.0
2018-09-21,68.0,103.0,112.0,144.0,149.0,149.0,149.0,180.0,180.0,257.0,329.0
2018-09-22,2.0,2.0,2.0,2.0,2.0,4.0,112.0,149.0,149.0,153.0,333.0
2018-09-23,0.0,0.0,0.0,0.0,0.0,0.0,0.0,0.0,0.0,0.0,4.0
2018-09-24,2.0,2.0,2.0,2.0,2.0,2.0,2.0,2.0,2.0,2.0,2.0
2018-09-25,10.0,17.0,17.0,21.0,25.0,28.0,32.0,38.0,38.0,38.0,38.0
2018-09-26,12.0,20.0,26.0,26.0,26.0,26.0,28.0,28.0,28.0,35.0,50.0
2018-09-27,2.0,2.0,2.0,2.0,2.0,2.0,2.0,2.0,26.0,28.0,40.0
2018-09-28,3.0,3.0,3.0,3.0,3.0,3.0,3.0,3.0,3.0,3.0,3.0
2018-09-29,2.0,4.0,4.0,6.0,8.0,8.0,11.0,11.0,13.0,13.0,15.0
2018-09-30,2.0,2.0,2.0,2.0,2.0,2.0,2.0,4.0,4.0,4.0,14.0
2018-10-01,3.0,3.0,5.0,5.0,7.0,9.0,9.0,11.0,11.0,11.0,13.0
2018-10-02,6.0,11.0,15.0,19.0,33.0,40.0,48.0,66.0,78.0,78.0,80.0
2018-10-03,0.0,0.0,0.0,0.0,0.0,0.0,0.0,0.0,0.0,0.0,78.0
2018-10-04,6.0,9.0,11.0,11.0,16.0,16.0,16.0,18.0,20.0,20.0,20.0
2018-10-05,0.0,0.0,0.0,0.0,0.0,0.0,0.0,0.0,0.0,4.0,20.0
2018-10-06,0.0,0.0,0.0,0.0,0.0,0.0,0.0,0.0,0.0,0.0,0.0
2018-10-07,0.0,0.0,0.0,0.0,0.0,0.0,0.0,0.0,0.0,0.0,0.0
2018-10-08,36.0,45.0,64.0,77.0,108.0,117.0,122.0,122.0,122.0,122.0,122.0
2018-10-09,42.0,49.0,55.0,55.0,55.0,55.0,57.0,97.0,163.0,179.0,179.0
2018-10-10,12.0,18.0,21.0,24.0,39.0,39.0,39.0,45.0,45.0,45.0,51.0
2018-10-11,16.0,27.0,34.0,38.0,48.0,53.0,57.0,65.0,68.0,71.0,73.0
2018-10-12,0.0,0.0,0.0,0.0,0.0,0.0,0.0,0.0,0.0,3.0,71.0
2018-10-13,0.0,0.0,0.0,0.0,0.0,0.0,0.0,0.0,0.0,0.0,0.0
2018-10-14,2.0,2.0,2.0,2.0,2.0,2.0,2.0,2.0,2.0,2.0,2.0
2018-10-15,11.0,16.0,20.0,20.0,25.0,32.0,34.0,38.0,41.0,41.0,41.0
2018-10-21,0.0,0.0,0.0,0.0,0.0,0.0,0.0,0.0,0.0,0.0,5.0
2018-10-22,0.0,0.0,0.0,0.0,0.0,0.0,0.0,0.0,0.0,0.0,0.0
2018-10-25,0.0,0.0,0.0,0.0,0.0,0.0,0.0,0.0,0.0,0.0,10.0
2018-10-28,10.0,14.0,22.0,29.0,39.0,45.0,48.0,76.0,92.0,100.0,141.0
2018-10-29,3.0,3.0,5.0,5.0,7.0,7.0,9.0,9.0,11.0,11.0,55.0
2018-10-30,0.0,0.0,0.0,0.0,0.0,0.0,0.0,0.0,0.0,2.0,13.0
2018-10-31,5.0,9.0,14.0,18.0,29.0,39.0,47.0,68.0,79.0,81.0,83.0
2019-05-01,6.0,11.0,16.0,22.0,36.0,41.0,48.0,48.0,48.0,48.0,48.0
2019-05-02,3.0,6.0,9.0,10.0,16.0,33.0,49.0,59.0,61.0,61.0,61.0
2019-05-03,5.0,9.0,12.0,15.0,24.0,31.0,31.0,31.0,31.0,31.0,31.0
2019-05-04,2.0,2.0,2.0,2.0,2.0,2.0,2.0,2.0,2.0,2.0,33.0
2019-05-05,0.0,0.0,0.0,0.0,0.0,0.0,0.0,0.0,0.0,0.0,2.0
2019-05-06,0.0,0.0,0.0,0.0,0.0,0.0,0.0,0.0,0.0,0.0,0.0
2019-05-07,0.0,0.0,0.0,0.0,0.0,0.0,0.0,0.0,0.0,0.0,0.0
2019-05-08,0.0,0.0,0.0,0.0,0.0,0.0,0.0,0.0,0.0,0.0,0.0
2019-05-09,15.0,24.0,38.0,47.0,76.0,84.0,84.0,84.0,84.0,84.0,84.0
2019-05-10,16.0,31.0,45.0,53.0,95.0,131.0,153.0,163.0,210.0,286.0,372.0
2019-05-11,0.0,0.0,0.0,0.0,0.0,0.0,0.0,0.0,0.0,44.0,285.0
2019-05-12,0.0,0.0,0.0,0.0,0.0,0.0,0.0,0.0,0.0,0.0,0.0
2019-05-13,5.0,9.0,9.0,9.0,9.0,9.0,9.0,9.0,9.0,9.0,9.0
2019-05-14,6.0,11.0,16.0,18.0,32.0,45.0,56.0,78.0,90.0,93.0,113.0
2019-05-15,0.0,0.0,0.0,0.0,0.0,0.0,0.0,0.0,0.0,20.0,104.0
2019-05-16,0.0,0.0,0.0,0.0,0.0,0.0,0.0,0.0,0.0,0.0,0.0
2019-05-17,3.0,3.0,3.0,3.0,3.0,3.0,3.0,3.0,3.0,3.0,3.0
2019-05-18,2.0,2.0,2.0,2.0,2.0,2.0,2.0,2.0,2.0,2.0,5.0
2019-05-19,12.0,22.0,33.0,40.0,46.0,48.0,48.0,48.0,48.0,55.0,57.0
2019-05-20,33.0,42.0,51.0,51.0,53.0,53.0,53.0,56.0,62.0,62.0,110.0
2019-05-21,2.0,2.0,2.0,2.0,2.0,2.0,2.0,2.0,2.0,2.0,53.0
2019-05-22,2.0,2.0,2.0,2.0,2.0,2.0,2.0,2.0,2.0,2.0,4.0
2019-05-23,28.0,53.0,64.0,71.0,99.0,120.0,140.0,146.0,157.0,157.0,157.0
2019-05-24,3.0,6.0,6.0,6.0,11.0,17.0,17.0,111.0,157.0,168.0,171.0
2019-05-25,2.0,2.0,2.0,2.0,2.0,2.0,2.0,2.0,2.0,2.0,14.0
2019-05-26,3.0,3.0,3.0,3.0,5.0,5.0,5.0,5.0,5.0,7.0,7.0
2019-05-27,0.0,0.0,0.0,0.0,0.0,0.0,0.0,0.0,0.0,0.0,5.0
2019-05-28,5.0,7.0,9.0,11.0,15.0,15.0,15.0,15.0,15.0,15.0,15.0
2019-05-29,2.0,2.0,2.0,2.0,2.0,2.0,2.0,2.0,2.0,15.0,17.0
2019-06-01,0.0,0.0,0.0,0.0,0.0,0.0,0.0,0.0,0.0,0.0,0.0
2019-06-02,9.0,17.0,24.0,31.0,53.0,59.0,59.0,63.0,66.0,66.0,66.0
2019-06-03,0.0,0.0,0.0,0.0,0.0,0.0,0.0,0.0,0.0,24.0,66.0
2019-06-04,0.0,0.0,0.0,0.0,0.0,0.0,0.0,0.0,0.0,0.0,0.0
2019-06-05,0.0,0.0,0.0,0.0,0.0,0.0,0.0,0.0,0.0,0.0,0.0
2019-06-06,0.0,0.0,0.0,0.0,0.0,0.0,0.0,0.0,0.0,0.0,0.0
2019-06-07,0.0,0.0,0.0,0.0,0.0,0.0,0.0,0.0,0.0,0.0,0.0
2019-06-08,0.0,0.0,0.0,0.0,0.0,0.0,0.0,0.0,0.0,0.0,0.0
2019-06-09,0.0,0.0,0.0,0.0,0.0,0.0,0.0,0.0,0.0,0.0,0.0
2019-06-10,5.0,7.0,7.0,9.0,9.0,9.0,9.0,9.0,9.0,9.0,9.0
2019-06-11,49.0,74.0,102.0,126.0,153.0,172.0,198.0,219.0,238.0,243.0,243.0
2019-06-12,0.0,0.0,0.0,0.0,0.0,0.0,0.0,0.0,0.0,0.0,229.0
2019-06-13,6.0,6.0,8.0,8.0,8.0,8.0,8.0,8.0,8.0,8.0,8.0
2019-06-14,13.0,19.0,22.0,25.0,47.0,57.0,57.0,59.0,59.0,65.0,67.0
2019-06-15,8.0,16.0,23.0,31.0,41.0,48.0,48.0,53.0,53.0,55.0,59.0
2019-06-16,0.0,0.0,0.0,0.0,0.0,0.0,15.0,48.0,51.0,53.0,55.0
2019-06-17,0.0,0.0,0.0,0.0,0.0,0.0,0.0,0.0,0.0,0.0,0.0
2019-06-18,0.0,0.0,0.0,0.0,0.0,0.0,0.0,0.0,0.0,0.0,0.0
2019-06-19,0.0,0.0,0.0,0.0,0.0,0.0,0.0,0.0,0.0,0.0,0.0
2019-06-20,4.0,8.0,11.0,14.0,22.0,31.0,36.0,42.0,42.0,42.0,42.0
2019-06-21,0.0,0.0,0.0,0.0,0.0,0.0,0.0,0.0,6.0,39.0,42.0
2019-06-22,0.0,0.0,0.0,0.0,0.0,0.0,0.0,0.0,0.0,0.0,0.0
2019-06-23,0.0,0.0,0.0,0.0,0.0,0.0,0.0,0.0,0.0,0.0,0.0
2019-06-24,0.0,0.0,0.0,0.0,0.0,0.0,0.0,0.0,0.0,0.0,0.0
2019-06-25,36.0,66.0,86.0,96.0,130.0,149.0,159.0,164.0,164.0,164.0,164.0
2019-06-26,0.0,0.0,0.0,0.0,0.0,0.0,0.0,0.0,0.0,120.0,164.0
2019-06-27,3.0,3.0,3.0,3.0,3.0,3.0,3.0,3.0,3.0,3.0,3.0
2019-06-28,0.0,0.0,0.0,0.0,0.0,3.0,3.0,3.0,3.0,3.0,3.0
2019-06-29,39.0,64.0,80.0,92.0,102.0,139.0,139.0,139.0,139.0,139.0,139.0
2019-06-30,12.0,19.0,19.0,24.0,31.0,31.0,31.0,111.0,139.0,139.0,170.0
2019-07-01,0.0,0.0,0.0,0.0,0.0,0.0,0.0,0.0,0.0,0.0,31.0
2019-07-02,0.0,0.0,0.0,0.0,0.0,0.0,0.0,0.0,0.0,0.0,0.0
2019-07-03,0.0,0.0,0.0,0.0,0.0,0.0,0.0,0.0,0.0,0.0,0.0
2019-07-04,0.0,0.0,0.0,0.0,0.0,0.0,0.0,0.0,0.0,0.0,0.0
2019-07-05,18.0,25.0,25.0,25.0,27.0,27.0,27.0,27.0,27.0,27.0,27.0
2019-07-06,0.0,0.0,0.0,0.0,0.0,0.0,0.0,0.0,0.0,0.0,27.0
2019-07-07,0.0,0.0,0.0,0.0,0.0,0.0,0.0,0.0,0.0,0.0,0.0
2019-07-08,0.0,0.0,0.0,0.0,0.0,0.0,0.0,0.0,0.0,0.0,0.0
2019-07-09,0.0,0.0,0.0,0.0,0.0,0.0,0.0,0.0,0.0,0.0,0.0
2019-07-10,0.0,0.0,0.0,0.0,0.0,0.0,0.0,0.0,0.0,0.0,0.0
2019-07-11,61.0,104.0,133.0,139.0,139.0,154.0,172.0,172.0,172.0,272.0,305.0
2019-07-12,0.0,0.0,0.0,0.0,0.0,4.0,24.0,123.0,133.0,133.0,305.0
2019-07-13,0.0,0.0,0.0,0.0,0.0,0.0,0.0,0.0,0.0,0.0,0.0
2019-07-14,0.0,0.0,0.0,0.0,0.0,0.0,0.0,0.0,0.0,0.0,0.0
2019-07-15,0.0,0.0,0.0,0.0,0.0,0.0,0.0,0.0,0.0,0.0,0.0
2019-07-16,0.0,0.0,0.0,0.0,0.0,0.0,0.0,0.0,0.0,0.0,0.0
2019-07-17,0.0,0.0,0.0,0.0,0.0,0.0,0.0,0.0,0.0,0.0,0.0
2019-07-18,0.0,0.0,0.0,0.0,0.0,0.0,0.0,0.0,0.0,0.0,0.0
2019-07-19,39.0,39.0,39.0,39.0,39.0,39.0,39.0,39.0,39.0,39.0,39.0
2019-07-20,0.0,0.0,0.0,0.0,0.0,0.0,0.0,0.0,0.0,0.0,39.0
2019-07-21,0.0,0.0,0.0,0.0,0.0,0.0,0.0,0.0,0.0,0.0,0.0
2019-07-22,0.0,0.0,0.0,0.0,0.0,0.0,0.0,0.0,0.0,0.0,0.0
2019-07-23,0.0,0.0,0.0,0.0,0.0,0.0,0.0,0.0,0.0,0.0,0.0
2019-07-24,0.0,0.0,0.0,0.0,0.0,0.0,0.0,0.0,0.0,0.0,0.0
2019-07-25,0.0,0.0,0.0,0.0,0.0,0.0,0.0,0.0,0.0,0.0,0.0
2019-07-26,2.0,2.0,2.0,2.0,2.0,2.0,2.0,2.0,2.0,2.0,2.0
2019-07-27,0.0,0.0,0.0,0.0,0.0,0.0,0.0,0.0,0.0,0.0,2.0
2019-07-28,8.0,15.0,15.0,15.0,15.0,15.0,15.0,15.0,15.0,15.0,15.0
2019-07-29,0.0,0.0,0.0,0.0,0.0,0.0,0.0,0.0,0.0,15.0,15.0
2019-07-30,0.0,0.0,0.0,0.0,0.0,0.0,0.0,0.0,0.0,0.0,0.0
2019-07-31,0.0,0.0,0.0,0.0,0.0,0.0,0.0,0.0,0.0,0.0,0.0
2019-08-01,0.0,0.0,0.0,0.0,0.0,0.0,0.0,0.0,0.0,0.0,0.0
2019-08-02,0.0,0.0,0.0,0.0,0.0,0.0,0.0,0.0,0.0,0.0,0.0
2019-08-03,0.0,0.0,0.0,0.0,0.0,0.0,0.0,0.0,0.0,0.0,0.0
2019-08-04,2.0,2.0,2.0,2.0,2.0,2.0,2.0,2.0,2.0,2.0,2.0
2019-08-05,0.0,0.0,0.0,0.0,0.0,2.0,2.0,2.0,2.0,2.0,2.0
2019-08-06,0.0,0.0,0.0,0.0,0.0,0.0,0.0,0.0,0.0,0.0,0.0
2019-08-07,0.0,0.0,0.0,0.0,0.0,0.0,0.0,0.0,0.0,0.0,0.0
2019-08-08,24.0,38.0,50.0,59.0,86.0,93.0,98.0,98.0,98.0,98.0,98.0
2019-08-09,51.0,56.0,59.0,59.0,61.0,61.0,61.0,61.0,91.0,103.0,103.0
2019-08-10,2.0,2.0,2.0,2.0,4.0,42.0,42.0,42.0,42.0,103.0,105.0
2019-08-11,0.0,0.0,0.0,0.0,0.0,0.0,0.0,0.0,0.0,4.0,4.0
2019-08-12,18.0,18.0,21.0,21.0,21.0,21.0,21.0,23.0,23.0,23.0,23.0
2019-08-13,0.0,0.0,0.0,0.0,0.0,2.0,2.0,2.0,23.0,23.0,23.0
2019-08-14,0.0,0.0,0.0,0.0,0.0,0.0,0.0,0.0,0.0,0.0,0.0
2019-08-15,0.0,0.0,0.0,0.0,0.0,0.0,0.0,0.0,0.0,0.0,0.0
2019-08-16,0.0,0.0,0.0,0.0,0.0,0.0,0.0,0.0,0.0,0.0,0.0
2019-08-17,23.0,31.0,31.0,34.0,37.0,37.0,37.0,37.0,37.0,37.0,37.0
2019-08-18,0.0,0.0,0.0,0.0,0.0,0.0,0.0,0.0,0.0,0.0,37.0
2019-08-19,0.0,0.0,0.0,0.0,0.0,0.0,0.0,0.0,0.0,0.0,0.0
2019-08-20,0.0,0.0,0.0,0.0,0.0,0.0,0.0,0.0,0.0,0.0,0.0
2019-08-21,7.0,13.0,17.0,20.0,29.0,29.0,29.0,29.0,29.0,29.0,29.0
2019-08-22,0.0,0.0,0.0,0.0,0.0,0.0,0.0,0.0,0.0,0.0,29.0
2019-08-23,0.0,0.0,0.0,0.0,0.0,0.0,0.0,0.0,0.0,0.0,0.0
2019-08-24,0.0,0.0,0.0,0.0,0.0,0.0,0.0,0.0,0.0,0.0,0.0
2019-08-25,0.0,0.0,0.0,0.0,0.0,0.0,0.0,0.0,0.0,0.0,0.0
2019-08-26,2.0,2.0,2.0,2.0,2.0,2.0,2.0,2.0,2.0,2.0,2.0
2019-08-27,0.0,0.0,0.0,0.0,0.0,0.0,0.0,0.0,0.0,0.0,2.0
2019-08-28,18.0,30.0,43.0,54.0,69.0,88.0,103.0,138.0,148.0,159.0,159.0
2019-08-29,0.0,0.0,0.0,0.0,0.0,0.0,0.0,11.0,45.0,137.0,159.0
2019-08-30,56.0,77.0,87.0,97.0,107.0,107.0,107.0,107.0,107.0,107.0,107.0
2019-08-31,0.0,0.0,0.0,0.0,0.0,0.0,0.0,0.0,0.0,0.0,107.0
2019-09-01,0.0,0.0,0.0,0.0,0.0,0.0,0.0,0.0,0.0,0.0,0.0
2019-09-02,15.0,27.0,33.0,46.0,78.0,108.0,139.0,192.0,232.0,234.0,290.0
2019-09-03,10.0,14.0,19.0,19.0,22.0,37.0,37.0,37.0,37.0,66.0,293.0
2019-09-04,91.0,129.0,151.0,159.0,197.0,204.0,207.0,211.0,217.0,224.0,224.0
2019-09-05,2.0,2.0,2.0,2.0,2.0,2.0,2.0,2.0,2.0,7.0,226.0
2019-09-06,0.0,0.0,0.0,0.0,0.0,0.0,0.0,0.0,0.0,0.0,2.0
2019-09-07,25.0,50.0,54.0,69.0,92.0,92.0,92.0,92.0,99.0,99.0,99.0
2019-09-08,0.0,0.0,2.0,7.0,7.0,7.0,7.0,7.0,84.0,99.0,99.0
2019-09-09,0.0,0.0,0.0,0.0,0.0,0.0,0.0,0.0,0.0,0.0,0.0
2019-09-10,6.0,10.0,13.0,13.0,19.0,21.0,23.0,23.0,23.0,23.0,23.0
2019-09-11,14.0,24.0,30.0,32.0,35.0,37.0,37.0,37.0,54.0,60.0,60.0
2019-09-12,0.0,0.0,0.0,0.0,0.0,0.0,0.0,0.0,0.0,0.0,37.0
2019-09-13,0.0,0.0,0.0,0.0,0.0,0.0,0.0,0.0,0.0,0.0,0.0
2019-09-14,29.0,47.0,53.0,57.0,61.0,64.0,66.0,66.0,66.0,66.0,66.0
2019-09-15,0.0,0.0,0.0,0.0,0.0,0.0,0.0,0.0,0.0,0.0,66.0
2019-09-16,0.0,0.0,0.0,0.0,0.0,0.0,0.0,0.0,0.0,0.0,0.0
2019-09-17,0.0,0.0,0.0,0.0,0.0,0.0,0.0,0.0,0.0,0.0,0.0
2019-09-18,0.0,0.0,0.0,0.0,0.0,0.0,0.0,0.0,0.0,0.0,0.0
2019-09-19,0.0,0.0,0.0,0.0,0.0,0.0,0.0,0.0,0.0,0.0,0.0
2019-09-20,0.0,0.0,0.0,0.0,0.0,0.0,0.0,0.0,0.0,0.0,0.0
2019-09-21,2.0,2.0,2.0,2.0,2.0,2.0,2.0,2.0,2.0,2.0,2.0
2019-09-22,0.0,0.0,0.0,0.0,0.0,0.0,0.0,0.0,0.0,0.0,2.0
2019-09-23,11.0,18.0,20.0,20.0,23.0,25.0,25.0,25.0,25.0,48.0,48.0
2019-09-24,3.0,5.0,5.0,5.0,5.0,5.0,10.0,25.0,25.0,30.0,53.0
2019-09-25,2.0,2.0,2.0,2.0,2.0,2.0,2.0,2.0,2.0,2.0,5.0
2019-09-26,17.0,23.0,30.0,35.0,53.0,65.0,70.0,70.0,70.0,72.0,72.0
2019-09-27,2.0,2.0,2.0,2.0,2.0,2.0,2.0,4.0,4.0,19.0,74.0
2019-09-28,9.0,17.0,23.0,29.0,40.0,40.0,44.0,44.0,47.0,56.0,61.0
2019-09-29,2.0,2.0,2.0,2.0,2.0,2.0,2.0,2.0,5.0,34.0,63.0
2019-09-30,0.0,0.0,0.0,0.0,0.0,0.0,0.0,0.0,0.0,0.0,4.0
2019-10-01,113.0,207.0,232.0,285.0,332.0,431.0,464.0,504.0,509.0,515.0,549.0
2019-10-02,2.0,2.0,2.0,2.0,2.0,3.0,9.0,54.0,381.0,512.0,543.0
2019-10-03,8.0,13.0,17.0,21.0,29.0,29.0,29.0,29.0,29.0,29.0,31.0
2019-10-04,4.0,7.0,11.0,15.0,33.0,44.0,48.0,51.0,53.0,53.0,53.0
2019-10-05,2.0,2.0,2.0,2.0,2.0,2.0,2.0,2.0,2.0,2.0,20.0
2019-10-06,0.0,0.0,0.0,0.0,0.0,0.0,0.0,0.0,0.0,0.0,2.0
2019-10-07,12.0,22.0,32.0,41.0,61.0,72.0,83.0,91.0,94.0,94.0,94.0
2019-10-08,2.0,2.0,2.0,2.0,2.0,2.0,2.0,2.0,2.0,2.0,94.0
2019-10-09,0.0,0.0,0.0,0.0,0.0,0.0,0.0,0.0,0.0,0.0,2.0
2019-10-10,0.0,0.0,0.0,0.0,0.0,0.0,0.0,0.0,0.0,0.0,0.0
2019-10-11,0.0,0.0,0.0,0.0,0.0,0.0,0.0,0.0,0.0,0.0,0.0
2019-10-12,2.0,2.0,2.0,2.0,2.0,2.0,2.0,2.0,2.0,2.0,2.0
2019-10-13,2.0,2.0,2.0,2.0,2.0,2.0,2.0,4.0,4.0,6.0,6.0
2019-10-14,0.0,0.0,0.0,0.0,0.0,0.0,0.0,0.0,0.0,0.0,4.0
2019-10-15,2.0,2.0,2.0,2.0,2.0,2.0,2.0,2.0,2.0,2.0,2.0
2019-10-16,6.0,11.0,16.0,20.0,33.0,52.0,61.0,61.0,61.0,61.0,61.0
2019-10-17,33.0,58.0,80.0,99.0,175.0,239.0,284.0,370.0,459.0,551.0,704.0
2019-10-20,0.0,0.0,0.0,0.0,0.0,0.0,0.0,0.0,0.0,0.0,0.0
2019-10-21,0.0,0.0,0.0,0.0,0.0,0.0,0.0,0.0,0.0,0.0,0.0
2019-10-22,14.0,28.0,39.0,53.0,76.0,96.0,118.0,131.0,131.0,131.0,131.0
2019-10-23,12.0,25.0,36.0,50.0,82.0,107.0,135.0,180.0,220.0,247.0,247.0
2019-10-24,0.0,0.0,0.0,0.0,0.0,0.0,0.0,0.0,0.0,0.0,105.0
2019-10-25,0.0,0.0,0.0,0.0,0.0,0.0,0.0,0.0,0.0,0.0,0.0
2019-10-26,0.0,0.0,0.0,0.0,0.0,0.0,0.0,0.0,0.0,0.0,0.0
2019-10-27,33.0,63.0,88.0,102.0,160.0,201.0,240.0,298.0,306.0,328.0,353.0
2019-10-28,2.0,2.0,2.0,2.0,2.0,8.0,20.0,33.0,43.0,113.0,353.0
2019-10-29,0.0,0.0,0.0,0.0,0.0,0.0,0.0,0.0,0.0,0.0,2.0
2019-10-30,0.0,0.0,0.0,0.0,0.0,0.0,0.0,0.0,0.0,0.0,0.0
2019-10-31,47.0,89.0,122.0,146.0,235.0,288.0,332.0,382.0,456.0,496.0,532.0
2020-05-01,4.0,5.0,8.0,8.0,8.0,8.0,8.0,8.0,13.0,13.0,76.0
2020-05-02,0.0,0.0,0.0,0.0,0.0,0.0,0.0,0.0,0.0,0.0,13.0
2020-05-03,8.0,14.0,14.0,19.0,19.0,19.0,19.0,19.0,21.0,21.0,23.0
2020-05-04,0.0,2.0,2.0,2.0,2.0,2.0,2.0,2.0,21.0,21.0,23.0
2020-05-05,0.0,0.0,0.0,0.0,0.0,0.0,0.0,0.0,0.0,0.0,0.0
2020-05-06,0.0,0.0,0.0,0.0,0.0,0.0,0.0,0.0,0.0,0.0,0.0
2020-05-07,0.0,0.0,0.0,0.0,0.0,0.0,0.0,0.0,0.0,0.0,0.0
2020-05-08,2.0,2.0,2.0,2.0,2.0,2.0,2.0,2.0,2.0,2.0,2.0
2020-05-09,0.0,0.0,0.0,0.0,0.0,0.0,0.0,0.0,0.0,0.0,2.0
2020-05-10,0.0,0.0,0.0,0.0,0.0,0.0,0.0,0.0,0.0,0.0,0.0
2020-05-11,0.0,0.0,0.0,0.0,0.0,0.0,0.0,0.0,0.0,0.0,0.0
2020-05-12,0.0,0.0,0.0,0.0,0.0,0.0,0.0,0.0,0.0,0.0,0.0
2020-05-13,0.0,0.0,0.0,0.0,0.0,0.0,0.0,0.0,0.0,0.0,0.0
2020-05-14,0.0,0.0,0.0,0.0,0.0,0.0,0.0,0.0,0.0,0.0,0.0
2020-05-15,37.0,54.0,78.0,99.0,142.0,166.0,189.0,197.0,197.0,197.0,197.0
2020-05-16,0.0,0.0,0.0,0.0,0.0,0.0,0.0,3.0,100.0,197.0,197.0
2020-05-17,0.0,0.0,0.0,0.0,0.0,0.0,0.0,0.0,0.0,0.0,0.0
2020-05-18,0.0,0.0,0.0,0.0,0.0,0.0,0.0,0.0,0.0,0.0,0.0
2020-05-19,0.0,0.0,0.0,0.0,0.0,0.0,0.0,0.0,0.0,0.0,0.0
2020-05-20,0.0,0.0,0.0,0.0,0.0,0.0,0.0,0.0,0.0,0.0,0.0
2020-05-21,0.0,0.0,0.0,0.0,0.0,0.0,0.0,0.0,0.0,0.0,0.0
2020-05-22,0.0,0.0,0.0,0.0,0.0,0.0,0.0,0.0,0.0,0.0,0.0
2020-05-23,0.0,0.0,0.0,0.0,0.0,0.0,0.0,0.0,0.0,0.0,0.0
2020-05-24,0.0,0.0,0.0,0.0,0.0,0.0,0.0,0.0,0.0,0.0,0.0
2020-05-25,0.0,0.0,0.0,0.0,0.0,0.0,0.0,0.0,0.0,0.0,0.0
2020-05-26,0.0,0.0,0.0,0.0,0.0,0.0,0.0,0.0,0.0,0.0,0.0
2020-05-27,0.0,0.0,0.0,0.0,0.0,0.0,0.0,0.0,0.0,0.0,0.0
2020-05-28,0.0,0.0,0.0,0.0,0.0,0.0,0.0,0.0,0.0,0.0,0.0
2020-05-29,0.0,0.0,0.0,0.0,0.0,0.0,0.0,0.0,0.0,0.0,0.0
2020-05-30,16.0,26.0,26.0,28.0,36.0,50.0,52.0,52.0,52.0,52.0,52.0
2020-05-31,3.0,3.0,3.0,3.0,3.0,12.0,24.0,52.0,52.0,52.0,52.0
2020-06-01,2.0,2.0,2.0,2.0,2.0,2.0,3.0,3.0,5.0,5.0,5.0
2020-06-02,0.0,0.0,0.0,0.0,0.0,0.0,0.0,0.0,0.0,0.0,2.0
2020-06-03,0.0,0.0,0.0,0.0,0.0,0.0,0.0,0.0,0.0,0.0,0.0
2020-06-04,0.0,0.0,0.0,0.0,0.0,0.0,0.0,0.0,0.0,0.0,0.0
2020-06-05,6.0,8.0,11.0,13.0,13.0,13.0,13.0,13.0,13.0,13.0,13.0
2020-06-06,57.0,80.0,88.0,88.0,90.0,98.0,101.0,111.0,111.0,111.0,117.0
2020-06-07,0.0,0.0,0.0,0.0,0.0,0.0,0.0,0.0,0.0,6.0,104.0
2020-06-08,0.0,0.0,0.0,0.0,0.0,0.0,0.0,0.0,0.0,0.0,0.0
2020-06-09,0.0,0.0,0.0,0.0,0.0,0.0,0.0,0.0,0.0,0.0,0.0
2020-06-10,0.0,0.0,0.0,0.0,0.0,0.0,0.0,0.0,0.0,0.0,0.0
2020-06-11,0.0,0.0,0.0,0.0,0.0,0.0,0.0,0.0,0.0,0.0,0.0
2020-06-12,0.0,0.0,0.0,0.0,0.0,0.0,0.0,0.0,0.0,0.0,0.0
2020-06-13,0.0,0.0,0.0,0.0,0.0,0.0,0.0,0.0,0.0,0.0,0.0
2020-06-14,0.0,0.0,0.0,0.0,0.0,0.0,0.0,0.0,0.0,0.0,0.0
2020-06-15,0.0,0.0,0.0,0.0,0.0,0.0,0.0,0.0,0.0,0.0,0.0
2020-06-16,2.0,2.0,2.0,2.0,2.0,2.0,2.0,2.0,2.0,2.0,2.0
2020-06-17,0.0,0.0,0.0,0.0,0.0,0.0,0.0,0.0,0.0,0.0,0.0
2020-06-18,0.0,0.0,0.0,0.0,0.0,0.0,0.0,0.0,0.0,0.0,0.0
2020-06-19,0.0,0.0,0.0,0.0,0.0,0.0,0.0,0.0,0.0,0.0,0.0
2020-06-20,0.0,0.0,0.0,0.0,0.0,0.0,0.0,0.0,0.0,0.0,0.0
2020-06-21,0.0,0.0,0.0,0.0,0.0,0.0,0.0,0.0,0.0,0.0,0.0
2020-06-22,0.0,0.0,0.0,0.0,0.0,0.0,0.0,0.0,0.0,0.0,0.0
2020-06-23,62.0,110.0,116.0,124.0,130.0,130.0,130.0,130.0,130.0,130.0,130.0
2020-06-24,32.0,59.0,73.0,80.0,100.0,110.0,117.0,130.0,137.0,247.0,250.0
2020-06-25,0.0,0.0,0.0,0.0,0.0,0.0,0.0,0.0,0.0,0.0,120.0
2020-06-26,0.0,0.0,0.0,0.0,0.0,0.0,0.0,0.0,0.0,0.0,0.0
2020-06-27,11.0,13.0,16.0,18.0,18.0,18.0,18.0,18.0,18.0,18.0,18.0
2020-06-28,29.0,32.0,32.0,35.0,35.0,41.0,53.0,53.0,53.0,53.0,71.0
2020-06-29,0.0,0.0,0.0,0.0,0.0,0.0,0.0,35.0,53.0,53.0,53.0
2020-06-30,0.0,0.0,0.0,0.0,0.0,0.0,0.0,0.0,0.0,0.0,0.0
2020-07-01,0.0,0.0,0.0,0.0,0.0,0.0,0.0,0.0,0.0,0.0,0.0
2020-07-02,0.0,0.0,0.0,0.0,0.0,0.0,0.0,0.0,0.0,0.0,0.0
2020-07-03,0.0,0.0,0.0,0.0,0.0,0.0,0.0,0.0,0.0,0.0,0.0
2020-07-04,0.0,0.0,0.0,0.0,0.0,0.0,0.0,0.0,0.0,0.0,0.0
2020-07-05,0.0,0.0,0.0,0.0,0.0,0.0,0.0,0.0,0.0,0.0,0.0
2020-07-06,2.0,2.0,2.0,2.0,2.0,2.0,2.0,2.0,2.0,2.0,2.0
2020-07-07,0.0,0.0,0.0,0.0,0.0,0.0,0.0,0.0,0.0,0.0,2.0
2020-07-08,22.0,38.0,41.0,41.0,41.0,41.0,41.0,41.0,41.0,46.0,46.0
2020-07-09,0.0,0.0,0.0,0.0,0.0,0.0,0.0,0.0,0.0,41.0,46.0
2020-07-10,0.0,0.0,0.0,0.0,0.0,0.0,0.0,0.0,0.0,0.0,0.0
2020-07-11,20.0,31.0,42.0,57.0,79.0,119.0,125.0,125.0,125.0,131.0,133.0
2020-07-12,4.0,4.0,4.0,4.0,4.0,4.0,4.0,4.0,4.0,49.0,133.0
2020-07-13,0.0,0.0,0.0,0.0,0.0,0.0,0.0,0.0,0.0,0.0,4.0
2020-07-14,0.0,0.0,0.0,0.0,0.0,0.0,0.0,0.0,0.0,0.0,0.0
2020-07-15,0.0,0.0,0.0,0.0,0.0,0.0,0.0,0.0,0.0,0.0,0.0
2020-07-16,8.0,8.0,8.0,8.0,8.0,11.0,11.0,11.0,11.0,11.0,11.0
2020-07-17,34.0,54.0,67.0,87.0,117.0,142.0,155.0,161.0,161.0,166.0,177.0
2020-07-18,0.0,0.0,0.0,0.0,0.0,0.0,0.0,0.0,0.0,0.0,166.0
2020-07-19,41.0,55.0,65.0,70.0,76.0,76.0,76.0,76.0,76.0,76.0,76.0
2020-07-20,4.0,4.0,4.0,4.0,6.0,6.0,6.0,6.0,6.0,6.0,82.0
2020-07-21,0.0,0.0,0.0,0.0,0.0,2.0,2.0,2.0,2.0,2.0,8.0
2020-07-22,0.0,0.0,0.0,0.0,0.0,0.0,0.0,0.0,0.0,0.0,0.0
2020-07-23,0.0,0.0,0.0,0.0,0.0,0.0,0.0,0.0,0.0,0.0,0.0
2020-07-24,0.0,0.0,0.0,0.0,0.0,0.0,0.0,0.0,0.0,0.0,0.0
2020-07-25,2.0,2.0,2.0,2.0,2.0,2.0,2.0,2.0,2.0,2.0,2.0
2020-07-26,103.0,132.0,136.0,136.0,136.0,136.0,136.0,136.0,136.0,136.0,136.0
2020-07-27,36.0,39.0,39.0,39.0,41.0,41.0,136.0,136.0,139.0,147.0,227.0
2020-07-28,6.0,10.0,10.0,10.0,10.0,10.0,10.0,10.0,10.0,51.0,101.0
2020-07-29,31.0,45.0,61.0,83.0,95.0,95.0,98.0,98.0,99.0,102.0,102.0
2020-07-30,4.0,4.0,4.0,4.0,4.0,4.0,4.0,4.0,4.0,102.0,102.0
2020-07-31,2.0,2.0,2.0,2.0,2.0,2.0,2.0,4.0,4.0,6.0,6.0
2020-08-01,0.0,0.0,0.0,0.0,0.0,0.0,0.0,0.0,0.0,0.0,2.0
2020-08-02,88.0,121.0,139.0,172.0,275.0,308.0,308.0,308.0,308.0,398.0,398.0
2020-08-03,0.0,0.0,0.0,0.0,0.0,172.0,237.0,308.0,308.0,335.0,398.0
2020-08-04,26.0,41.0,56.0,67.0,120.0,163.0,206.0,220.0,231.0,311.0,364.0
2020-08-05,8.0,11.0,11.0,11.0,13.0,52.0,105.0,202.0,220.0,281.0,364.0
2020-08-06,0.0,0.0,0.0,0.0,0.0,0.0,0.0,0.0,0.0,2.0,18.0
2020-08-07,0.0,0.0,0.0,0.0,0.0,0.0,0.0,0.0,0.0,0.0,0.0
2020-08-08,0.0,0.0,0.0,0.0,0.0,0.0,0.0,0.0,0.0,0.0,0.0
2020-08-09,0.0,0.0,0.0,0.0,0.0,0.0,0.0,0.0,0.0,0.0,0.0
2020-08-10,0.0,0.0,0.0,0.0,0.0,0.0,0.0,0.0,0.0,0.0,0.0
2020-08-11,35.0,39.0,39.0,45.0,48.0,48.0,48.0,48.0,48.0,48.0,50.0
2020-08-12,0.0,0.0,0.0,0.0,0.0,0.0,0.0,13.0,48.0,48.0,50.0
2020-08-13,0.0,0.0,0.0,0.0,0.0,0.0,0.0,0.0,0.0,0.0,0.0
2020-08-14,0.0,0.0,0.0,0.0,0.0,0.0,0.0,0.0,0.0,0.0,0.0
2020-08-15,0.0,0.0,0.0,0.0,0.0,0.0,0.0,0.0,0.0,0.0,0.0
2020-08-16,2.0,2.0,2.0,2.0,2.0,2.0,2.0,2.0,2.0,2.0,2.0
2020-08-17,21.0,37.0,49.0,63.0,99.0,99.0,99.0,99.0,99.0,99.0,99.0
2020-08-18,13.0,13.0,13.0,13.0,13.0,15.0,15.0,15.0,15.0,15.0,114.0
2020-08-19,0.0,0.0,0.0,0.0,0.0,2.0,2.0,2.0,2.0,2.0,17.0
2020-08-20,3.0,3.0,3.0,3.0,3.0,3.0,3.0,3.0,3.0,3.0,3.0
2020-08-21,42.0,73.0,73.0,76.0,76.0,79.0,79.0,88.0,91.0,102.0,102.0
2020-08-22,3.0,3.0,3.0,3.0,3.0,3.0,3.0,3.0,3.0,3.0,91.0
2020-08-23,47.0,53.0,64.0,78.0,129.0,129.0,129.0,129.0,129.0,129.0,129.0
2020-08-24,70.0,86.0,102.0,109.0,128.0,141.0,152.0,158.0,158.0,167.0,184.0
2020-08-25,3.0,5.0,5.0,5.0,5.0,5.0,5.0,8.0,8.0,8.0,172.0
2020-08-26,0.0,0.0,0.0,0.0,0.0,0.0,0.0,0.0,0.0,0.0,3.0
2020-08-27,2.0,2.0,2.0,2.0,2.0,2.0,2.0,2.0,2.0,2.0,2.0
2020-08-30,0.0,0.0,0.0,0.0,2.0,5.0,36.0,73.0,90.0,139.0,337.0
2020-08-31,0.0,0.0,0.0,0.0,0.0,0.0,0.0,0.0,0.0,0.0,0.0
2020-09-04,0.0,0.0,0.0,0.0,0.0,0.0,0.0,0.0,0.0,0.0,0.0
2020-09-05,6.0,6.0,6.0,6.0,8.0,8.0,8.0,8.0,8.0,8.0,8.0
2020-09-06,0.0,0.0,0.0,0.0,0.0,0.0,6.0,8.0,8.0,8.0,8.0
2020-09-07,27.0,44.0,64.0,78.0,81.0,81.0,81.0,81.0,81.0,81.0,81.0
2020-09-08,10.0,15.0,17.0,17.0,78.0,81.0,81.0,84.0,84.0,84.0,110.0
2020-09-09,0.0,0.0,0.0,0.0,0.0,2.0,17.0,26.0,26.0,26.0,29.0
2020-09-10,0.0,0.0,0.0,0.0,0.0,0.0,0.0,0.0,0.0,0.0,0.0
2020-09-11,0.0,0.0,0.0,0.0,0.0,0.0,0.0,0.0,0.0,0.0,0.0
2020-09-12,0.0,0.0,0.0,0.0,0.0,0.0,0.0,0.0,0.0,0.0,0.0
2020-09-13,39.0,63.0,93.0,120.0,195.0,205.0,208.0,210.0,212.0,212.0,212.0
2020-09-14,2.0,2.0,2.0,2.0,2.0,2.0,2.0,2.0,12.0,212.0,214.0
2020-09-15,0.0,0.0,0.0,0.0,0.0,0.0,0.0,0.0,0.0,0.0,2.0
2020-09-16,0.0,0.0,0.0,0.0,0.0,0.0,0.0,0.0,0.0,0.0,0.0
2020-09-17,0.0,0.0,0.0,0.0,0.0,0.0,0.0,0.0,0.0,0.0,0.0
2020-09-18,0.0,0.0,0.0,0.0,0.0,0.0,0.0,0.0,0.0,0.0,0.0
2020-09-19,2.0,2.0,2.0,2.0,2.0,2.0,2.0,2.0,2.0,2.0,2.0
2020-09-20,0.0,0.0,0.0,0.0,0.0,0.0,0.0,0.0,0.0,0.0,2.0
2020-09-21,0.0,0.0,0.0,0.0,0.0,0.0,0.0,0.0,0.0,0.0,0.0
2020-09-22,0.0,0.0,0.0,0.0,0.0,0.0,0.0,0.0,0.0,0.0,0.0
2020-09-23,0.0,0.0,0.0,0.0,0.0,0.0,0.0,0.0,0.0,0.0,0.0
2020-09-24,11.0,21.0,24.0,24.0,24.0,24.0,24.0,24.0,24.0,24.0,24.0
2020-09-25,0.0,0.0,0.0,0.0,0.0,0.0,0.0,0.0,0.0,0.0,24.0
2020-09-26,0.0,0.0,0.0,0.0,0.0,0.0,0.0,0.0,0.0,0.0,0.0
2020-09-27,0.0,0.0,0.0,0.0,0.0,0.0,0.0,0.0,0.0,0.0,0.0
2020-09-28,0.0,0.0,0.0,0.0,0.0,0.0,0.0,0.0,0.0,0.0,0.0
2020-09-29,9.0,13.0,18.0,22.0,41.0,58.0,63.0,68.0,68.0,72.0,75.0
2020-09-30,17.0,32.0,40.0,49.0,80.0,110.0,134.0,203.0,234.0,249.0,321.0
2020-10-01,10.0,11.0,13.0,13.0,15.0,15.0,23.0,25.0,25.0,25.0,246.0
2020-10-02,32.0,32.0,32.0,32.0,32.0,39.0,45.0,45.0,69.0,79.0,92.0
2020-10-03,3.0,3.0,3.0,3.0,8.0,8.0,10.0,42.0,42.0,52.0,87.0
2020-10-04,0.0,0.0,0.0,0.0,0.0,0.0,0.0,0.0,0.0,0.0,0.0
2020-10-05,0.0,0.0,0.0,0.0,0.0,0.0,0.0,0.0,0.0,0.0,0.0
2020-10-06,2.0,2.0,2.0,2.0,2.0,2.0,2.0,2.0,2.0,2.0,2.0
2020-10-07,14.0,25.0,25.0,28.0,41.0,44.0,46.0,55.0,68.0,68.0,72.0
2020-10-08,2.0,2.0,2.0,2.0,2.0,2.0,2.0,2.0,2.0,22.0,70.0
2020-10-09,0.0,0.0,0.0,0.0,0.0,0.0,0.0,0.0,0.0,0.0,2.0
2020-10-10,33.0,46.0,48.0,48.0,48.0,48.0,48.0,48.0,48.0,48.0,48.0
2020-10-11,2.0,2.0,2.0,2.0,2.0,2.0,2.0,15.0,48.0,50.0,50.0
2020-10-12,0.0,0.0,0.0,0.0,0.0,0.0,0.0,0.0,0.0,0.0,2.0
2020-10-13,23.0,39.0,55.0,67.0,103.0,137.0,154.0,191.0,221.0,240.0,247.0
2020-10-14,0.0,0.0,0.0,0.0,0.0,0.0,2.0,7.0,10.0,51.0,247.0
2020-10-15,3.0,3.0,3.0,4.0,5.0,7.0,9.0,9.0,9.0,9.0,9.0
2020-10-16,7.0,13.0,19.0,24.0,33.0,43.0,50.0,63.0,66.0,68.0,77.0
2020-10-17,0.0,2.0,2.0,2.0,2.0,2.0,2.0,2.0,2.0,2.0,70.0
2020-10-18,0.0,0.0,0.0,0.0,0.0,0.0,0.0,0.0,0.0,0.0,0.0
2020-10-19,5.0,8.0,11.0,14.0,26.0,35.0,44.0,48.0,55.0,57.0,57.0
2020-10-20,12.0,21.0,25.0,30.0,51.0,75.0,98.0,123.0,144.0,148.0,201.0
2020-10-21,20.0,28.0,35.0,52.0,71.0,93.0,96.0,96.0,98.0,108.0,144.0
2020-10-22,0.0,0.0,0.0,0.0,0.0,0.0,0.0,0.0,3.0,12.0,108.0
2020-10-23,0.0,0.0,0.0,0.0,0.0,0.0,0.0,0.0,0.0,0.0,0.0
2020-10-24,6.0,10.0,15.0,20.0,32.0,32.0,34.0,34.0,34.0,34.0,34.0
2020-10-25,0.0,0.0,0.0,0.0,0.0,0.0,0.0,0.0,0.0,0.0,34.0
2020-10-26,9.0,16.0,21.0,27.0,43.0,64.0,77.0,87.0,94.0,101.0,106.0
2020-10-27,2.0,2.0,2.0,2.0,2.0,3.0,5.0,9.0,12.0,62.0,110.0
2020-10-28,0.0,0.0,0.0,0.0,0.0,0.0,0.0,0.0,0.0,0.0,4.0
2020-10-29,0.0,0.0,0.0,0.0,0.0,0.0,0.0,0.0,0.0,0.0,0.0
2020-10-30,0.0,0.0,0.0,0.0,0.0,0.0,0.0,0.0,0.0,0.0,0.0
2020-10-31,0.0,0.0,0.0,0.0,0.0,0.0,0.0,0.0,0.0,0.0,0.0
